     0.097 - debug: Settings location "/home/priyanshu/.config/QGroundControl/QGroundControl.ini" Is writable?: true (qgc.qgcapplication:unknown:0)
     0.125 - debug: Filter rules "*Log.debug=false\nqgc.*.debug=false\nqgc.videomanager.videoreceiver.gstreamer.api.debug=true\nqt.qml.connections=false" (qgc.utilities.qgcloggingcategory:unknown:0)
     8.254 - critical: Error loading text-to-speech plug-in "speechd" (default:unknown:0)
    10.637 - info: qrc:/qml/QGroundControl/Controls/SimpleItemMapVisual.qml: Object or context destroyed during incubation (default:unknown:-1)
    24.025 - warning: QGeoTileRequestManager: Failed to fetch tile (68646,45887,17) 5 times, giving up. Last error message was: 'Network Not Available' (default:unknown:0)
    24.027 - warning: QGeoTileRequestManager: Failed to fetch tile (68646,45887,17) 5 times, giving up. Last error message was: 'Network Not Available' (default:unknown:0)
    24.027 - warning: QGeoTileRequestManager: Failed to fetch tile (68647,45887,17) 5 times, giving up. Last error message was: 'Network Not Available' (default:unknown:0)
    24.027 - warning: QGeoTileRequestManager: Failed to fetch tile (68647,45887,17) 5 times, giving up. Last error message was: 'Network Not Available' (default:unknown:0)
    24.027 - warning: QGeoTileRequestManager: Failed to fetch tile (68648,45887,17) 5 times, giving up. Last error message was: 'Network Not Available' (default:unknown:0)
    24.027 - warning: QGeoTileRequestManager: Failed to fetch tile (68648,45887,17) 5 times, giving up. Last error message was: 'Network Not Available' (default:unknown:0)
    24.027 - warning: QGeoTileRequestManager: Failed to fetch tile (68646,45888,17) 5 times, giving up. Last error message was: 'Network Not Available' (default:unknown:0)
    24.027 - warning: QGeoTileRequestManager: Failed to fetch tile (68646,45888,17) 5 times, giving up. Last error message was: 'Network Not Available' (default:unknown:0)
    24.027 - warning: QGeoTileRequestManager: Failed to fetch tile (68647,45888,17) 5 times, giving up. Last error message was: 'Network Not Available' (default:unknown:0)
    24.027 - warning: QGeoTileRequestManager: Failed to fetch tile (68647,45888,17) 5 times, giving up. Last error message was: 'Network Not Available' (default:unknown:0)
    24.027 - warning: QGeoTileRequestManager: Failed to fetch tile (68648,45888,17) 5 times, giving up. Last error message was: 'Network Not Available' (default:unknown:0)
    24.028 - warning: QGeoTileRequestManager: Failed to fetch tile (68648,45888,17) 5 times, giving up. Last error message was: 'Network Not Available' (default:unknown:0)
    24.028 - warning: QGeoTileRequestManager: Failed to fetch tile (68646,45889,17) 5 times, giving up. Last error message was: 'Network Not Available' (default:unknown:0)
    24.028 - warning: QGeoTileRequestManager: Failed to fetch tile (68646,45889,17) 5 times, giving up. Last error message was: 'Network Not Available' (default:unknown:0)
    24.030 - warning: QGeoTileRequestManager: Failed to fetch tile (68647,45889,17) 5 times, giving up. Last error message was: 'Network Not Available' (default:unknown:0)
    24.030 - warning: QGeoTileRequestManager: Failed to fetch tile (68647,45889,17) 5 times, giving up. Last error message was: 'Network Not Available' (default:unknown:0)
    24.032 - warning: QGeoTileRequestManager: Failed to fetch tile (68648,45889,17) 5 times, giving up. Last error message was: 'Network Not Available' (default:unknown:0)
    24.033 - warning: QGeoTileRequestManager: Failed to fetch tile (68648,45889,17) 5 times, giving up. Last error message was: 'Network Not Available' (default:unknown:0)
    24.035 - warning: QGeoTileRequestManager: Failed to fetch tile (68645,45887,17) 5 times, giving up. Last error message was: 'Network Not Available' (default:unknown:0)
    24.035 - warning: QGeoTileRequestManager: Failed to fetch tile (68645,45887,17) 5 times, giving up. Last error message was: 'Network Not Available' (default:unknown:0)
    24.037 - warning: QGeoTileRequestManager: Failed to fetch tile (68649,45887,17) 5 times, giving up. Last error message was: 'Network Not Available' (default:unknown:0)
    24.037 - warning: QGeoTileRequestManager: Failed to fetch tile (68649,45887,17) 5 times, giving up. Last error message was: 'Network Not Available' (default:unknown:0)
    24.039 - warning: QGeoTileRequestManager: Failed to fetch tile (68650,45887,17) 5 times, giving up. Last error message was: 'Network Not Available' (default:unknown:0)
    24.039 - warning: QGeoTileRequestManager: Failed to fetch tile (68650,45887,17) 5 times, giving up. Last error message was: 'Network Not Available' (default:unknown:0)
    24.041 - warning: QGeoTileRequestManager: Failed to fetch tile (68645,45888,17) 5 times, giving up. Last error message was: 'Network Not Available' (default:unknown:0)
    24.041 - warning: QGeoTileRequestManager: Failed to fetch tile (68645,45888,17) 5 times, giving up. Last error message was: 'Network Not Available' (default:unknown:0)
    24.042 - warning: QGeoTileRequestManager: Failed to fetch tile (68649,45888,17) 5 times, giving up. Last error message was: 'Network Not Available' (default:unknown:0)
    24.043 - warning: QGeoTileRequestManager: Failed to fetch tile (68649,45888,17) 5 times, giving up. Last error message was: 'Network Not Available' (default:unknown:0)
    24.044 - warning: QGeoTileRequestManager: Failed to fetch tile (68650,45888,17) 5 times, giving up. Last error message was: 'Network Not Available' (default:unknown:0)
    24.044 - warning: QGeoTileRequestManager: Failed to fetch tile (68650,45888,17) 5 times, giving up. Last error message was: 'Network Not Available' (default:unknown:0)
    24.046 - warning: QGeoTileRequestManager: Failed to fetch tile (68645,45889,17) 5 times, giving up. Last error message was: 'Network Not Available' (default:unknown:0)
    24.047 - warning: QGeoTileRequestManager: Failed to fetch tile (68645,45889,17) 5 times, giving up. Last error message was: 'Network Not Available' (default:unknown:0)
    24.048 - warning: QGeoTileRequestManager: Failed to fetch tile (68649,45889,17) 5 times, giving up. Last error message was: 'Network Not Available' (default:unknown:0)
    24.048 - warning: QGeoTileRequestManager: Failed to fetch tile (68649,45889,17) 5 times, giving up. Last error message was: 'Network Not Available' (default:unknown:0)
    24.050 - warning: QGeoTileRequestManager: Failed to fetch tile (68650,45889,17) 5 times, giving up. Last error message was: 'Network Not Available' (default:unknown:0)
    24.050 - warning: QGeoTileRequestManager: Failed to fetch tile (68650,45889,17) 5 times, giving up. Last error message was: 'Network Not Available' (default:unknown:0)
    24.052 - warning: QGeoTileRequestManager: Failed to fetch tile (68643,45887,17) 5 times, giving up. Last error message was: 'Network Not Available' (default:unknown:0)
    24.052 - warning: QGeoTileRequestManager: Failed to fetch tile (68643,45887,17) 5 times, giving up. Last error message was: 'Network Not Available' (default:unknown:0)
    24.052 - warning: QGeoTileRequestManager: Failed to fetch tile (68644,45887,17) 5 times, giving up. Last error message was: 'Network Not Available' (default:unknown:0)
    24.054 - warning: QGeoTileRequestManager: Failed to fetch tile (68644,45887,17) 5 times, giving up. Last error message was: 'Network Not Available' (default:unknown:0)
    24.057 - warning: QGeoTileRequestManager: Failed to fetch tile (68651,45887,17) 5 times, giving up. Last error message was: 'Network Not Available' (default:unknown:0)
    24.057 - warning: QGeoTileRequestManager: Failed to fetch tile (68651,45887,17) 5 times, giving up. Last error message was: 'Network Not Available' (default:unknown:0)
    24.061 - warning: QGeoTileRequestManager: Failed to fetch tile (68643,45888,17) 5 times, giving up. Last error message was: 'Network Not Available' (default:unknown:0)
    24.061 - warning: QGeoTileRequestManager: Failed to fetch tile (68643,45888,17) 5 times, giving up. Last error message was: 'Network Not Available' (default:unknown:0)
    24.064 - warning: QGeoTileRequestManager: Failed to fetch tile (68644,45888,17) 5 times, giving up. Last error message was: 'Network Not Available' (default:unknown:0)
    24.064 - warning: QGeoTileRequestManager: Failed to fetch tile (68644,45888,17) 5 times, giving up. Last error message was: 'Network Not Available' (default:unknown:0)
    24.067 - warning: QGeoTileRequestManager: Failed to fetch tile (68651,45888,17) 5 times, giving up. Last error message was: 'Network Not Available' (default:unknown:0)
    24.067 - warning: QGeoTileRequestManager: Failed to fetch tile (68651,45888,17) 5 times, giving up. Last error message was: 'Network Not Available' (default:unknown:0)
    24.069 - warning: QGeoTileRequestManager: Failed to fetch tile (68643,45889,17) 5 times, giving up. Last error message was: 'Network Not Available' (default:unknown:0)
    24.069 - warning: QGeoTileRequestManager: Failed to fetch tile (68643,45889,17) 5 times, giving up. Last error message was: 'Network Not Available' (default:unknown:0)
    24.072 - warning: QGeoTileRequestManager: Failed to fetch tile (68644,45889,17) 5 times, giving up. Last error message was: 'Network Not Available' (default:unknown:0)
    24.073 - warning: QGeoTileRequestManager: Failed to fetch tile (68644,45889,17) 5 times, giving up. Last error message was: 'Network Not Available' (default:unknown:0)
    24.076 - warning: QGeoTileRequestManager: Failed to fetch tile (68651,45889,17) 5 times, giving up. Last error message was: 'Network Not Available' (default:unknown:0)
    24.076 - warning: QGeoTileRequestManager: Failed to fetch tile (68651,45889,17) 5 times, giving up. Last error message was: 'Network Not Available' (default:unknown:0)
    24.079 - warning: QGeoTileRequestManager: Failed to fetch tile (68643,45886,17) 5 times, giving up. Last error message was: 'Network Not Available' (default:unknown:0)
    24.079 - warning: QGeoTileRequestManager: Failed to fetch tile (68643,45886,17) 5 times, giving up. Last error message was: 'Network Not Available' (default:unknown:0)
    24.081 - warning: QGeoTileRequestManager: Failed to fetch tile (68644,45886,17) 5 times, giving up. Last error message was: 'Network Not Available' (default:unknown:0)
    24.081 - warning: QGeoTileRequestManager: Failed to fetch tile (68644,45886,17) 5 times, giving up. Last error message was: 'Network Not Available' (default:unknown:0)
    24.082 - warning: QGeoTileRequestManager: Failed to fetch tile (68645,45886,17) 5 times, giving up. Last error message was: 'Network Not Available' (default:unknown:0)
    24.082 - warning: QGeoTileRequestManager: Failed to fetch tile (68645,45886,17) 5 times, giving up. Last error message was: 'Network Not Available' (default:unknown:0)
    24.084 - warning: QGeoTileRequestManager: Failed to fetch tile (68646,45886,17) 5 times, giving up. Last error message was: 'Network Not Available' (default:unknown:0)
    24.084 - warning: QGeoTileRequestManager: Failed to fetch tile (68646,45886,17) 5 times, giving up. Last error message was: 'Network Not Available' (default:unknown:0)
    24.086 - warning: QGeoTileRequestManager: Failed to fetch tile (68647,45886,17) 5 times, giving up. Last error message was: 'Network Not Available' (default:unknown:0)
    24.086 - warning: QGeoTileRequestManager: Failed to fetch tile (68647,45886,17) 5 times, giving up. Last error message was: 'Network Not Available' (default:unknown:0)
    24.088 - warning: QGeoTileRequestManager: Failed to fetch tile (68648,45886,17) 5 times, giving up. Last error message was: 'Network Not Available' (default:unknown:0)
    24.088 - warning: QGeoTileRequestManager: Failed to fetch tile (68648,45886,17) 5 times, giving up. Last error message was: 'Network Not Available' (default:unknown:0)
    24.090 - warning: QGeoTileRequestManager: Failed to fetch tile (68649,45886,17) 5 times, giving up. Last error message was: 'Network Not Available' (default:unknown:0)
    24.091 - warning: QGeoTileRequestManager: Failed to fetch tile (68649,45886,17) 5 times, giving up. Last error message was: 'Network Not Available' (default:unknown:0)
    24.093 - warning: QGeoTileRequestManager: Failed to fetch tile (68650,45886,17) 5 times, giving up. Last error message was: 'Network Not Available' (default:unknown:0)
    24.093 - warning: QGeoTileRequestManager: Failed to fetch tile (68650,45886,17) 5 times, giving up. Last error message was: 'Network Not Available' (default:unknown:0)
    24.096 - warning: QGeoTileRequestManager: Failed to fetch tile (68651,45886,17) 5 times, giving up. Last error message was: 'Network Not Available' (default:unknown:0)
    24.097 - warning: QGeoTileRequestManager: Failed to fetch tile (68651,45886,17) 5 times, giving up. Last error message was: 'Network Not Available' (default:unknown:0)
    24.099 - warning: QGeoTileRequestManager: Failed to fetch tile (68643,45890,17) 5 times, giving up. Last error message was: 'Network Not Available' (default:unknown:0)
    24.099 - warning: QGeoTileRequestManager: Failed to fetch tile (68643,45890,17) 5 times, giving up. Last error message was: 'Network Not Available' (default:unknown:0)
    24.101 - warning: QGeoTileRequestManager: Failed to fetch tile (68644,45890,17) 5 times, giving up. Last error message was: 'Network Not Available' (default:unknown:0)
    24.101 - warning: QGeoTileRequestManager: Failed to fetch tile (68644,45890,17) 5 times, giving up. Last error message was: 'Network Not Available' (default:unknown:0)
    24.103 - warning: QGeoTileRequestManager: Failed to fetch tile (68645,45890,17) 5 times, giving up. Last error message was: 'Network Not Available' (default:unknown:0)
    24.103 - warning: QGeoTileRequestManager: Failed to fetch tile (68645,45890,17) 5 times, giving up. Last error message was: 'Network Not Available' (default:unknown:0)
    24.105 - warning: QGeoTileRequestManager: Failed to fetch tile (68646,45890,17) 5 times, giving up. Last error message was: 'Network Not Available' (default:unknown:0)
    24.105 - warning: QGeoTileRequestManager: Failed to fetch tile (68646,45890,17) 5 times, giving up. Last error message was: 'Network Not Available' (default:unknown:0)
    24.108 - warning: QGeoTileRequestManager: Failed to fetch tile (68647,45890,17) 5 times, giving up. Last error message was: 'Network Not Available' (default:unknown:0)
    24.108 - warning: QGeoTileRequestManager: Failed to fetch tile (68647,45890,17) 5 times, giving up. Last error message was: 'Network Not Available' (default:unknown:0)
    24.110 - warning: QGeoTileRequestManager: Failed to fetch tile (68648,45890,17) 5 times, giving up. Last error message was: 'Network Not Available' (default:unknown:0)
    24.110 - warning: QGeoTileRequestManager: Failed to fetch tile (68648,45890,17) 5 times, giving up. Last error message was: 'Network Not Available' (default:unknown:0)
    24.111 - warning: QGeoTileRequestManager: Failed to fetch tile (68649,45890,17) 5 times, giving up. Last error message was: 'Network Not Available' (default:unknown:0)
    24.112 - warning: QGeoTileRequestManager: Failed to fetch tile (68649,45890,17) 5 times, giving up. Last error message was: 'Network Not Available' (default:unknown:0)
    25.014 - warning: QGeoTileRequestManager: Failed to fetch tile (68650,45890,17) 5 times, giving up. Last error message was: 'Network Not Available' (default:unknown:0)
    25.014 - warning: QGeoTileRequestManager: Failed to fetch tile (68650,45890,17) 5 times, giving up. Last error message was: 'Network Not Available' (default:unknown:0)
    25.017 - warning: QGeoTileRequestManager: Failed to fetch tile (68651,45890,17) 5 times, giving up. Last error message was: 'Network Not Available' (default:unknown:0)
    25.017 - warning: QGeoTileRequestManager: Failed to fetch tile (68651,45890,17) 5 times, giving up. Last error message was: 'Network Not Available' (default:unknown:0)
    40.026 - warning: QGeoTileRequestManager: Failed to fetch tile (68646,45887,17) 5 times, giving up. Last error message was: 'Network Not Available' (default:unknown:0)
    40.028 - warning: QGeoTileRequestManager: Failed to fetch tile (68647,45887,17) 5 times, giving up. Last error message was: 'Network Not Available' (default:unknown:0)
    40.028 - warning: QGeoTileRequestManager: Failed to fetch tile (68648,45887,17) 5 times, giving up. Last error message was: 'Network Not Available' (default:unknown:0)
    40.028 - warning: QGeoTileRequestManager: Failed to fetch tile (68646,45888,17) 5 times, giving up. Last error message was: 'Network Not Available' (default:unknown:0)
    40.028 - warning: QGeoTileRequestManager: Failed to fetch tile (68647,45888,17) 5 times, giving up. Last error message was: 'Network Not Available' (default:unknown:0)
    40.029 - warning: QGeoTileRequestManager: Failed to fetch tile (68648,45888,17) 5 times, giving up. Last error message was: 'Network Not Available' (default:unknown:0)
    40.029 - warning: QGeoTileRequestManager: Failed to fetch tile (68646,45889,17) 5 times, giving up. Last error message was: 'Network Not Available' (default:unknown:0)
    40.029 - warning: QGeoTileRequestManager: Failed to fetch tile (68647,45889,17) 5 times, giving up. Last error message was: 'Network Not Available' (default:unknown:0)
    40.029 - warning: QGeoTileRequestManager: Failed to fetch tile (68648,45889,17) 5 times, giving up. Last error message was: 'Network Not Available' (default:unknown:0)
    40.029 - warning: QGeoTileRequestManager: Failed to fetch tile (68643,45886,17) 5 times, giving up. Last error message was: 'Network Not Available' (default:unknown:0)
    40.029 - warning: QGeoTileRequestManager: Failed to fetch tile (68644,45886,17) 5 times, giving up. Last error message was: 'Network Not Available' (default:unknown:0)
    40.029 - warning: QGeoTileRequestManager: Failed to fetch tile (68645,45886,17) 5 times, giving up. Last error message was: 'Network Not Available' (default:unknown:0)
    40.031 - warning: QGeoTileRequestManager: Failed to fetch tile (68646,45886,17) 5 times, giving up. Last error message was: 'Network Not Available' (default:unknown:0)
    40.032 - warning: QGeoTileRequestManager: Failed to fetch tile (68647,45886,17) 5 times, giving up. Last error message was: 'Network Not Available' (default:unknown:0)
    40.033 - warning: QGeoTileRequestManager: Failed to fetch tile (68648,45886,17) 5 times, giving up. Last error message was: 'Network Not Available' (default:unknown:0)
    40.035 - warning: QGeoTileRequestManager: Failed to fetch tile (68649,45886,17) 5 times, giving up. Last error message was: 'Network Not Available' (default:unknown:0)
    40.036 - warning: QGeoTileRequestManager: Failed to fetch tile (68650,45886,17) 5 times, giving up. Last error message was: 'Network Not Available' (default:unknown:0)
    40.038 - warning: QGeoTileRequestManager: Failed to fetch tile (68643,45887,17) 5 times, giving up. Last error message was: 'Network Not Available' (default:unknown:0)
    40.039 - warning: QGeoTileRequestManager: Failed to fetch tile (68644,45887,17) 5 times, giving up. Last error message was: 'Network Not Available' (default:unknown:0)
    40.040 - warning: QGeoTileRequestManager: Failed to fetch tile (68645,45887,17) 5 times, giving up. Last error message was: 'Network Not Available' (default:unknown:0)
    40.042 - warning: QGeoTileRequestManager: Failed to fetch tile (68649,45887,17) 5 times, giving up. Last error message was: 'Network Not Available' (default:unknown:0)
    40.044 - warning: QGeoTileRequestManager: Failed to fetch tile (68650,45887,17) 5 times, giving up. Last error message was: 'Network Not Available' (default:unknown:0)
    40.045 - warning: QGeoTileRequestManager: Failed to fetch tile (68651,45887,17) 5 times, giving up. Last error message was: 'Network Not Available' (default:unknown:0)
    40.046 - warning: QGeoTileRequestManager: Failed to fetch tile (68643,45888,17) 5 times, giving up. Last error message was: 'Network Not Available' (default:unknown:0)
    40.047 - warning: QGeoTileRequestManager: Failed to fetch tile (68644,45888,17) 5 times, giving up. Last error message was: 'Network Not Available' (default:unknown:0)
    40.048 - warning: QGeoTileRequestManager: Failed to fetch tile (68645,45888,17) 5 times, giving up. Last error message was: 'Network Not Available' (default:unknown:0)
    40.051 - warning: QGeoTileRequestManager: Failed to fetch tile (68649,45888,17) 5 times, giving up. Last error message was: 'Network Not Available' (default:unknown:0)
    40.052 - warning: QGeoTileRequestManager: Failed to fetch tile (68650,45888,17) 5 times, giving up. Last error message was: 'Network Not Available' (default:unknown:0)
    40.056 - warning: QGeoTileRequestManager: Failed to fetch tile (68651,45888,17) 5 times, giving up. Last error message was: 'Network Not Available' (default:unknown:0)
    40.057 - warning: QGeoTileRequestManager: Failed to fetch tile (68643,45889,17) 5 times, giving up. Last error message was: 'Network Not Available' (default:unknown:0)
    40.058 - warning: QGeoTileRequestManager: Failed to fetch tile (68644,45889,17) 5 times, giving up. Last error message was: 'Network Not Available' (default:unknown:0)
    40.061 - warning: QGeoTileRequestManager: Failed to fetch tile (68645,45889,17) 5 times, giving up. Last error message was: 'Network Not Available' (default:unknown:0)
    40.063 - warning: QGeoTileRequestManager: Failed to fetch tile (68649,45889,17) 5 times, giving up. Last error message was: 'Network Not Available' (default:unknown:0)
    40.064 - warning: QGeoTileRequestManager: Failed to fetch tile (68650,45889,17) 5 times, giving up. Last error message was: 'Network Not Available' (default:unknown:0)
    40.066 - warning: QGeoTileRequestManager: Failed to fetch tile (68651,45889,17) 5 times, giving up. Last error message was: 'Network Not Available' (default:unknown:0)
    40.067 - warning: QGeoTileRequestManager: Failed to fetch tile (68651,45886,17) 5 times, giving up. Last error message was: 'Network Not Available' (default:unknown:0)
    40.068 - warning: QGeoTileRequestManager: Failed to fetch tile (68643,45890,17) 5 times, giving up. Last error message was: 'Network Not Available' (default:unknown:0)
    40.069 - warning: QGeoTileRequestManager: Failed to fetch tile (68644,45890,17) 5 times, giving up. Last error message was: 'Network Not Available' (default:unknown:0)
    40.070 - warning: QGeoTileRequestManager: Failed to fetch tile (68645,45890,17) 5 times, giving up. Last error message was: 'Network Not Available' (default:unknown:0)
    40.071 - warning: QGeoTileRequestManager: Failed to fetch tile (68646,45890,17) 5 times, giving up. Last error message was: 'Network Not Available' (default:unknown:0)
    40.072 - warning: QGeoTileRequestManager: Failed to fetch tile (68647,45890,17) 5 times, giving up. Last error message was: 'Network Not Available' (default:unknown:0)
    40.074 - warning: QGeoTileRequestManager: Failed to fetch tile (68648,45890,17) 5 times, giving up. Last error message was: 'Network Not Available' (default:unknown:0)
    40.076 - warning: QGeoTileRequestManager: Failed to fetch tile (68649,45890,17) 5 times, giving up. Last error message was: 'Network Not Available' (default:unknown:0)
    41.014 - warning: QGeoTileRequestManager: Failed to fetch tile (68650,45890,17) 5 times, giving up. Last error message was: 'Network Not Available' (default:unknown:0)
    41.014 - warning: QGeoTileRequestManager: Failed to fetch tile (68651,45890,17) 5 times, giving up. Last error message was: 'Network Not Available' (default:unknown:0)
    56.025 - warning: QGeoTileRequestManager: Failed to fetch tile (68643,45886,17) 5 times, giving up. Last error message was: 'Network Not Available' (default:unknown:0)
    56.026 - warning: QGeoTileRequestManager: Failed to fetch tile (68644,45886,17) 5 times, giving up. Last error message was: 'Network Not Available' (default:unknown:0)
    56.026 - warning: QGeoTileRequestManager: Failed to fetch tile (68645,45886,17) 5 times, giving up. Last error message was: 'Network Not Available' (default:unknown:0)
    56.026 - warning: QGeoTileRequestManager: Failed to fetch tile (68646,45886,17) 5 times, giving up. Last error message was: 'Network Not Available' (default:unknown:0)
    56.026 - warning: QGeoTileRequestManager: Failed to fetch tile (68647,45886,17) 5 times, giving up. Last error message was: 'Network Not Available' (default:unknown:0)
    56.028 - warning: QGeoTileRequestManager: Failed to fetch tile (68648,45886,17) 5 times, giving up. Last error message was: 'Network Not Available' (default:unknown:0)
    56.029 - warning: QGeoTileRequestManager: Failed to fetch tile (68649,45886,17) 5 times, giving up. Last error message was: 'Network Not Available' (default:unknown:0)
    56.030 - warning: QGeoTileRequestManager: Failed to fetch tile (68650,45886,17) 5 times, giving up. Last error message was: 'Network Not Available' (default:unknown:0)
    56.030 - warning: QGeoTileRequestManager: Failed to fetch tile (68643,45887,17) 5 times, giving up. Last error message was: 'Network Not Available' (default:unknown:0)
    56.031 - warning: QGeoTileRequestManager: Failed to fetch tile (68644,45887,17) 5 times, giving up. Last error message was: 'Network Not Available' (default:unknown:0)
    56.032 - warning: QGeoTileRequestManager: Failed to fetch tile (68645,45887,17) 5 times, giving up. Last error message was: 'Network Not Available' (default:unknown:0)
    56.033 - warning: QGeoTileRequestManager: Failed to fetch tile (68646,45887,17) 5 times, giving up. Last error message was: 'Network Not Available' (default:unknown:0)
    56.034 - warning: QGeoTileRequestManager: Failed to fetch tile (68647,45887,17) 5 times, giving up. Last error message was: 'Network Not Available' (default:unknown:0)
    56.035 - warning: QGeoTileRequestManager: Failed to fetch tile (68648,45887,17) 5 times, giving up. Last error message was: 'Network Not Available' (default:unknown:0)
    56.035 - warning: QGeoTileRequestManager: Failed to fetch tile (68649,45887,17) 5 times, giving up. Last error message was: 'Network Not Available' (default:unknown:0)
    56.036 - warning: QGeoTileRequestManager: Failed to fetch tile (68650,45887,17) 5 times, giving up. Last error message was: 'Network Not Available' (default:unknown:0)
    56.037 - warning: QGeoTileRequestManager: Failed to fetch tile (68651,45887,17) 5 times, giving up. Last error message was: 'Network Not Available' (default:unknown:0)
    56.037 - warning: QGeoTileRequestManager: Failed to fetch tile (68643,45888,17) 5 times, giving up. Last error message was: 'Network Not Available' (default:unknown:0)
    56.038 - warning: QGeoTileRequestManager: Failed to fetch tile (68644,45888,17) 5 times, giving up. Last error message was: 'Network Not Available' (default:unknown:0)
    56.039 - warning: QGeoTileRequestManager: Failed to fetch tile (68645,45888,17) 5 times, giving up. Last error message was: 'Network Not Available' (default:unknown:0)
    56.039 - warning: QGeoTileRequestManager: Failed to fetch tile (68646,45888,17) 5 times, giving up. Last error message was: 'Network Not Available' (default:unknown:0)
    56.040 - warning: QGeoTileRequestManager: Failed to fetch tile (68647,45888,17) 5 times, giving up. Last error message was: 'Network Not Available' (default:unknown:0)
    56.041 - warning: QGeoTileRequestManager: Failed to fetch tile (68648,45888,17) 5 times, giving up. Last error message was: 'Network Not Available' (default:unknown:0)
    56.042 - warning: QGeoTileRequestManager: Failed to fetch tile (68649,45888,17) 5 times, giving up. Last error message was: 'Network Not Available' (default:unknown:0)
    56.043 - warning: QGeoTileRequestManager: Failed to fetch tile (68650,45888,17) 5 times, giving up. Last error message was: 'Network Not Available' (default:unknown:0)
    56.043 - warning: QGeoTileRequestManager: Failed to fetch tile (68646,45889,17) 5 times, giving up. Last error message was: 'Network Not Available' (default:unknown:0)
    56.045 - warning: QGeoTileRequestManager: Failed to fetch tile (68647,45889,17) 5 times, giving up. Last error message was: 'Network Not Available' (default:unknown:0)
    56.046 - warning: QGeoTileRequestManager: Failed to fetch tile (68648,45889,17) 5 times, giving up. Last error message was: 'Network Not Available' (default:unknown:0)
    56.047 - warning: QGeoTileRequestManager: Failed to fetch tile (68651,45886,17) 5 times, giving up. Last error message was: 'Network Not Available' (default:unknown:0)
    56.048 - warning: QGeoTileRequestManager: Failed to fetch tile (68651,45888,17) 5 times, giving up. Last error message was: 'Network Not Available' (default:unknown:0)
    56.049 - warning: QGeoTileRequestManager: Failed to fetch tile (68643,45889,17) 5 times, giving up. Last error message was: 'Network Not Available' (default:unknown:0)
    56.050 - warning: QGeoTileRequestManager: Failed to fetch tile (68644,45889,17) 5 times, giving up. Last error message was: 'Network Not Available' (default:unknown:0)
    56.051 - warning: QGeoTileRequestManager: Failed to fetch tile (68645,45889,17) 5 times, giving up. Last error message was: 'Network Not Available' (default:unknown:0)
    56.051 - warning: QGeoTileRequestManager: Failed to fetch tile (68649,45889,17) 5 times, giving up. Last error message was: 'Network Not Available' (default:unknown:0)
    56.053 - warning: QGeoTileRequestManager: Failed to fetch tile (68650,45889,17) 5 times, giving up. Last error message was: 'Network Not Available' (default:unknown:0)
    56.054 - warning: QGeoTileRequestManager: Failed to fetch tile (68651,45889,17) 5 times, giving up. Last error message was: 'Network Not Available' (default:unknown:0)
    56.055 - warning: QGeoTileRequestManager: Failed to fetch tile (68643,45890,17) 5 times, giving up. Last error message was: 'Network Not Available' (default:unknown:0)
    56.056 - warning: QGeoTileRequestManager: Failed to fetch tile (68644,45890,17) 5 times, giving up. Last error message was: 'Network Not Available' (default:unknown:0)
    56.057 - warning: QGeoTileRequestManager: Failed to fetch tile (68645,45890,17) 5 times, giving up. Last error message was: 'Network Not Available' (default:unknown:0)
    56.057 - warning: QGeoTileRequestManager: Failed to fetch tile (68646,45890,17) 5 times, giving up. Last error message was: 'Network Not Available' (default:unknown:0)
    56.058 - warning: QGeoTileRequestManager: Failed to fetch tile (68647,45890,17) 5 times, giving up. Last error message was: 'Network Not Available' (default:unknown:0)
    56.059 - warning: QGeoTileRequestManager: Failed to fetch tile (68648,45890,17) 5 times, giving up. Last error message was: 'Network Not Available' (default:unknown:0)
    56.060 - warning: QGeoTileRequestManager: Failed to fetch tile (68649,45890,17) 5 times, giving up. Last error message was: 'Network Not Available' (default:unknown:0)
    57.022 - warning: QGeoTileRequestManager: Failed to fetch tile (68650,45890,17) 5 times, giving up. Last error message was: 'Network Not Available' (default:unknown:0)
    57.022 - warning: QGeoTileRequestManager: Failed to fetch tile (68651,45890,17) 5 times, giving up. Last error message was: 'Network Not Available' (default:unknown:0)
    72.019 - warning: QGeoTileRequestManager: Failed to fetch tile (68643,45886,17) 5 times, giving up. Last error message was: 'Network Not Available' (default:unknown:0)
    72.020 - warning: QGeoTileRequestManager: Failed to fetch tile (68644,45886,17) 5 times, giving up. Last error message was: 'Network Not Available' (default:unknown:0)
    72.020 - warning: QGeoTileRequestManager: Failed to fetch tile (68645,45886,17) 5 times, giving up. Last error message was: 'Network Not Available' (default:unknown:0)
    72.020 - warning: QGeoTileRequestManager: Failed to fetch tile (68646,45886,17) 5 times, giving up. Last error message was: 'Network Not Available' (default:unknown:0)
    72.020 - warning: QGeoTileRequestManager: Failed to fetch tile (68647,45886,17) 5 times, giving up. Last error message was: 'Network Not Available' (default:unknown:0)
    72.020 - warning: QGeoTileRequestManager: Failed to fetch tile (68648,45886,17) 5 times, giving up. Last error message was: 'Network Not Available' (default:unknown:0)
    72.021 - warning: QGeoTileRequestManager: Failed to fetch tile (68649,45886,17) 5 times, giving up. Last error message was: 'Network Not Available' (default:unknown:0)
    72.021 - warning: QGeoTileRequestManager: Failed to fetch tile (68650,45886,17) 5 times, giving up. Last error message was: 'Network Not Available' (default:unknown:0)
    72.022 - warning: QGeoTileRequestManager: Failed to fetch tile (68651,45886,17) 5 times, giving up. Last error message was: 'Network Not Available' (default:unknown:0)
    72.023 - warning: QGeoTileRequestManager: Failed to fetch tile (68643,45887,17) 5 times, giving up. Last error message was: 'Network Not Available' (default:unknown:0)
    72.024 - warning: QGeoTileRequestManager: Failed to fetch tile (68644,45887,17) 5 times, giving up. Last error message was: 'Network Not Available' (default:unknown:0)
    72.025 - warning: QGeoTileRequestManager: Failed to fetch tile (68645,45887,17) 5 times, giving up. Last error message was: 'Network Not Available' (default:unknown:0)
    72.028 - warning: QGeoTileRequestManager: Failed to fetch tile (68646,45887,17) 5 times, giving up. Last error message was: 'Network Not Available' (default:unknown:0)
    72.029 - warning: QGeoTileRequestManager: Failed to fetch tile (68647,45887,17) 5 times, giving up. Last error message was: 'Network Not Available' (default:unknown:0)
    72.030 - warning: QGeoTileRequestManager: Failed to fetch tile (68648,45887,17) 5 times, giving up. Last error message was: 'Network Not Available' (default:unknown:0)
    72.031 - warning: QGeoTileRequestManager: Failed to fetch tile (68649,45887,17) 5 times, giving up. Last error message was: 'Network Not Available' (default:unknown:0)
    72.032 - warning: QGeoTileRequestManager: Failed to fetch tile (68650,45887,17) 5 times, giving up. Last error message was: 'Network Not Available' (default:unknown:0)
    72.033 - warning: QGeoTileRequestManager: Failed to fetch tile (68651,45887,17) 5 times, giving up. Last error message was: 'Network Not Available' (default:unknown:0)
    72.034 - warning: QGeoTileRequestManager: Failed to fetch tile (68643,45888,17) 5 times, giving up. Last error message was: 'Network Not Available' (default:unknown:0)
    72.035 - warning: QGeoTileRequestManager: Failed to fetch tile (68644,45888,17) 5 times, giving up. Last error message was: 'Network Not Available' (default:unknown:0)
    72.036 - warning: QGeoTileRequestManager: Failed to fetch tile (68645,45888,17) 5 times, giving up. Last error message was: 'Network Not Available' (default:unknown:0)
    72.036 - warning: QGeoTileRequestManager: Failed to fetch tile (68646,45888,17) 5 times, giving up. Last error message was: 'Network Not Available' (default:unknown:0)
    72.037 - warning: QGeoTileRequestManager: Failed to fetch tile (68647,45888,17) 5 times, giving up. Last error message was: 'Network Not Available' (default:unknown:0)
    72.038 - warning: QGeoTileRequestManager: Failed to fetch tile (68648,45888,17) 5 times, giving up. Last error message was: 'Network Not Available' (default:unknown:0)
    72.039 - warning: QGeoTileRequestManager: Failed to fetch tile (68649,45888,17) 5 times, giving up. Last error message was: 'Network Not Available' (default:unknown:0)
    72.040 - warning: QGeoTileRequestManager: Failed to fetch tile (68650,45888,17) 5 times, giving up. Last error message was: 'Network Not Available' (default:unknown:0)
    72.041 - warning: QGeoTileRequestManager: Failed to fetch tile (68651,45888,17) 5 times, giving up. Last error message was: 'Network Not Available' (default:unknown:0)
    72.042 - warning: QGeoTileRequestManager: Failed to fetch tile (68643,45889,17) 5 times, giving up. Last error message was: 'Network Not Available' (default:unknown:0)
    72.043 - warning: QGeoTileRequestManager: Failed to fetch tile (68644,45889,17) 5 times, giving up. Last error message was: 'Network Not Available' (default:unknown:0)
    72.044 - warning: QGeoTileRequestManager: Failed to fetch tile (68645,45889,17) 5 times, giving up. Last error message was: 'Network Not Available' (default:unknown:0)
    72.045 - warning: QGeoTileRequestManager: Failed to fetch tile (68646,45889,17) 5 times, giving up. Last error message was: 'Network Not Available' (default:unknown:0)
    72.047 - warning: QGeoTileRequestManager: Failed to fetch tile (68647,45889,17) 5 times, giving up. Last error message was: 'Network Not Available' (default:unknown:0)
    72.048 - warning: QGeoTileRequestManager: Failed to fetch tile (68648,45889,17) 5 times, giving up. Last error message was: 'Network Not Available' (default:unknown:0)
    72.050 - warning: QGeoTileRequestManager: Failed to fetch tile (68649,45889,17) 5 times, giving up. Last error message was: 'Network Not Available' (default:unknown:0)
    72.050 - warning: QGeoTileRequestManager: Failed to fetch tile (68650,45889,17) 5 times, giving up. Last error message was: 'Network Not Available' (default:unknown:0)
    72.051 - warning: QGeoTileRequestManager: Failed to fetch tile (68651,45889,17) 5 times, giving up. Last error message was: 'Network Not Available' (default:unknown:0)
    72.052 - warning: QGeoTileRequestManager: Failed to fetch tile (68643,45890,17) 5 times, giving up. Last error message was: 'Network Not Available' (default:unknown:0)
    72.053 - warning: QGeoTileRequestManager: Failed to fetch tile (68644,45890,17) 5 times, giving up. Last error message was: 'Network Not Available' (default:unknown:0)
    72.054 - warning: QGeoTileRequestManager: Failed to fetch tile (68645,45890,17) 5 times, giving up. Last error message was: 'Network Not Available' (default:unknown:0)
    72.055 - warning: QGeoTileRequestManager: Failed to fetch tile (68646,45890,17) 5 times, giving up. Last error message was: 'Network Not Available' (default:unknown:0)
    72.056 - warning: QGeoTileRequestManager: Failed to fetch tile (68647,45890,17) 5 times, giving up. Last error message was: 'Network Not Available' (default:unknown:0)
    72.056 - warning: QGeoTileRequestManager: Failed to fetch tile (68648,45890,17) 5 times, giving up. Last error message was: 'Network Not Available' (default:unknown:0)
    72.056 - warning: QGeoTileRequestManager: Failed to fetch tile (68649,45890,17) 5 times, giving up. Last error message was: 'Network Not Available' (default:unknown:0)
    73.014 - warning: QGeoTileRequestManager: Failed to fetch tile (68650,45890,17) 5 times, giving up. Last error message was: 'Network Not Available' (default:unknown:0)
    73.014 - warning: QGeoTileRequestManager: Failed to fetch tile (68651,45890,17) 5 times, giving up. Last error message was: 'Network Not Available' (default:unknown:0)
    88.043 - warning: QGeoTileRequestManager: Failed to fetch tile (68643,45886,17) 5 times, giving up. Last error message was: 'Network Not Available' (default:unknown:0)
    88.044 - warning: QGeoTileRequestManager: Failed to fetch tile (68644,45886,17) 5 times, giving up. Last error message was: 'Network Not Available' (default:unknown:0)
    88.044 - warning: QGeoTileRequestManager: Failed to fetch tile (68645,45886,17) 5 times, giving up. Last error message was: 'Network Not Available' (default:unknown:0)
    88.046 - warning: QGeoTileRequestManager: Failed to fetch tile (68646,45886,17) 5 times, giving up. Last error message was: 'Network Not Available' (default:unknown:0)
    88.047 - warning: QGeoTileRequestManager: Failed to fetch tile (68647,45886,17) 5 times, giving up. Last error message was: 'Network Not Available' (default:unknown:0)
    88.047 - warning: QGeoTileRequestManager: Failed to fetch tile (68648,45886,17) 5 times, giving up. Last error message was: 'Network Not Available' (default:unknown:0)
    88.049 - warning: QGeoTileRequestManager: Failed to fetch tile (68649,45886,17) 5 times, giving up. Last error message was: 'Network Not Available' (default:unknown:0)
    88.050 - warning: QGeoTileRequestManager: Failed to fetch tile (68650,45886,17) 5 times, giving up. Last error message was: 'Network Not Available' (default:unknown:0)
    88.051 - warning: QGeoTileRequestManager: Failed to fetch tile (68651,45886,17) 5 times, giving up. Last error message was: 'Network Not Available' (default:unknown:0)
    88.052 - warning: QGeoTileRequestManager: Failed to fetch tile (68643,45887,17) 5 times, giving up. Last error message was: 'Network Not Available' (default:unknown:0)
    88.054 - warning: QGeoTileRequestManager: Failed to fetch tile (68644,45887,17) 5 times, giving up. Last error message was: 'Network Not Available' (default:unknown:0)
    88.055 - warning: QGeoTileRequestManager: Failed to fetch tile (68645,45887,17) 5 times, giving up. Last error message was: 'Network Not Available' (default:unknown:0)
    88.055 - warning: QGeoTileRequestManager: Failed to fetch tile (68646,45887,17) 5 times, giving up. Last error message was: 'Network Not Available' (default:unknown:0)
    88.056 - warning: QGeoTileRequestManager: Failed to fetch tile (68647,45887,17) 5 times, giving up. Last error message was: 'Network Not Available' (default:unknown:0)
    88.059 - warning: QGeoTileRequestManager: Failed to fetch tile (68648,45887,17) 5 times, giving up. Last error message was: 'Network Not Available' (default:unknown:0)
    88.061 - warning: QGeoTileRequestManager: Failed to fetch tile (68649,45887,17) 5 times, giving up. Last error message was: 'Network Not Available' (default:unknown:0)
    88.062 - warning: QGeoTileRequestManager: Failed to fetch tile (68650,45887,17) 5 times, giving up. Last error message was: 'Network Not Available' (default:unknown:0)
    88.063 - warning: QGeoTileRequestManager: Failed to fetch tile (68651,45887,17) 5 times, giving up. Last error message was: 'Network Not Available' (default:unknown:0)
    88.063 - warning: QGeoTileRequestManager: Failed to fetch tile (68643,45888,17) 5 times, giving up. Last error message was: 'Network Not Available' (default:unknown:0)
    88.065 - warning: QGeoTileRequestManager: Failed to fetch tile (68644,45888,17) 5 times, giving up. Last error message was: 'Network Not Available' (default:unknown:0)
    88.067 - warning: QGeoTileRequestManager: Failed to fetch tile (68645,45888,17) 5 times, giving up. Last error message was: 'Network Not Available' (default:unknown:0)
    88.069 - warning: QGeoTileRequestManager: Failed to fetch tile (68646,45888,17) 5 times, giving up. Last error message was: 'Network Not Available' (default:unknown:0)
    88.071 - warning: QGeoTileRequestManager: Failed to fetch tile (68647,45888,17) 5 times, giving up. Last error message was: 'Network Not Available' (default:unknown:0)
    88.073 - warning: QGeoTileRequestManager: Failed to fetch tile (68648,45888,17) 5 times, giving up. Last error message was: 'Network Not Available' (default:unknown:0)
    88.075 - warning: QGeoTileRequestManager: Failed to fetch tile (68649,45888,17) 5 times, giving up. Last error message was: 'Network Not Available' (default:unknown:0)
    88.077 - warning: QGeoTileRequestManager: Failed to fetch tile (68650,45888,17) 5 times, giving up. Last error message was: 'Network Not Available' (default:unknown:0)
    88.079 - warning: QGeoTileRequestManager: Failed to fetch tile (68651,45888,17) 5 times, giving up. Last error message was: 'Network Not Available' (default:unknown:0)
    88.080 - warning: QGeoTileRequestManager: Failed to fetch tile (68643,45889,17) 5 times, giving up. Last error message was: 'Network Not Available' (default:unknown:0)
    88.082 - warning: QGeoTileRequestManager: Failed to fetch tile (68644,45889,17) 5 times, giving up. Last error message was: 'Network Not Available' (default:unknown:0)
    88.083 - warning: QGeoTileRequestManager: Failed to fetch tile (68645,45889,17) 5 times, giving up. Last error message was: 'Network Not Available' (default:unknown:0)
    88.085 - warning: QGeoTileRequestManager: Failed to fetch tile (68646,45889,17) 5 times, giving up. Last error message was: 'Network Not Available' (default:unknown:0)
    88.086 - warning: QGeoTileRequestManager: Failed to fetch tile (68647,45889,17) 5 times, giving up. Last error message was: 'Network Not Available' (default:unknown:0)
    88.087 - warning: QGeoTileRequestManager: Failed to fetch tile (68648,45889,17) 5 times, giving up. Last error message was: 'Network Not Available' (default:unknown:0)
    88.087 - warning: QGeoTileRequestManager: Failed to fetch tile (68649,45889,17) 5 times, giving up. Last error message was: 'Network Not Available' (default:unknown:0)
    88.088 - warning: QGeoTileRequestManager: Failed to fetch tile (68650,45889,17) 5 times, giving up. Last error message was: 'Network Not Available' (default:unknown:0)
    88.089 - warning: QGeoTileRequestManager: Failed to fetch tile (68651,45889,17) 5 times, giving up. Last error message was: 'Network Not Available' (default:unknown:0)
    88.090 - warning: QGeoTileRequestManager: Failed to fetch tile (68643,45890,17) 5 times, giving up. Last error message was: 'Network Not Available' (default:unknown:0)
    88.091 - warning: QGeoTileRequestManager: Failed to fetch tile (68644,45890,17) 5 times, giving up. Last error message was: 'Network Not Available' (default:unknown:0)
    88.092 - warning: QGeoTileRequestManager: Failed to fetch tile (68645,45890,17) 5 times, giving up. Last error message was: 'Network Not Available' (default:unknown:0)
    88.094 - warning: QGeoTileRequestManager: Failed to fetch tile (68646,45890,17) 5 times, giving up. Last error message was: 'Network Not Available' (default:unknown:0)
    88.095 - warning: QGeoTileRequestManager: Failed to fetch tile (68647,45890,17) 5 times, giving up. Last error message was: 'Network Not Available' (default:unknown:0)
    88.097 - warning: QGeoTileRequestManager: Failed to fetch tile (68648,45890,17) 5 times, giving up. Last error message was: 'Network Not Available' (default:unknown:0)
    88.098 - warning: QGeoTileRequestManager: Failed to fetch tile (68649,45890,17) 5 times, giving up. Last error message was: 'Network Not Available' (default:unknown:0)
    89.042 - warning: QGeoTileRequestManager: Failed to fetch tile (68650,45890,17) 5 times, giving up. Last error message was: 'Network Not Available' (default:unknown:0)
    89.042 - warning: QGeoTileRequestManager: Failed to fetch tile (68651,45890,17) 5 times, giving up. Last error message was: 'Network Not Available' (default:unknown:0)
   104.028 - warning: QGeoTileRequestManager: Failed to fetch tile (68643,45886,17) 5 times, giving up. Last error message was: 'Network Not Available' (default:unknown:0)
   104.029 - warning: QGeoTileRequestManager: Failed to fetch tile (68644,45886,17) 5 times, giving up. Last error message was: 'Network Not Available' (default:unknown:0)
   104.029 - warning: QGeoTileRequestManager: Failed to fetch tile (68645,45886,17) 5 times, giving up. Last error message was: 'Network Not Available' (default:unknown:0)
   104.029 - warning: QGeoTileRequestManager: Failed to fetch tile (68646,45886,17) 5 times, giving up. Last error message was: 'Network Not Available' (default:unknown:0)
   104.029 - warning: QGeoTileRequestManager: Failed to fetch tile (68647,45886,17) 5 times, giving up. Last error message was: 'Network Not Available' (default:unknown:0)
   104.029 - warning: QGeoTileRequestManager: Failed to fetch tile (68648,45886,17) 5 times, giving up. Last error message was: 'Network Not Available' (default:unknown:0)
   104.030 - warning: QGeoTileRequestManager: Failed to fetch tile (68649,45886,17) 5 times, giving up. Last error message was: 'Network Not Available' (default:unknown:0)
   104.030 - warning: QGeoTileRequestManager: Failed to fetch tile (68650,45886,17) 5 times, giving up. Last error message was: 'Network Not Available' (default:unknown:0)
   104.030 - warning: QGeoTileRequestManager: Failed to fetch tile (68651,45886,17) 5 times, giving up. Last error message was: 'Network Not Available' (default:unknown:0)
   104.030 - warning: QGeoTileRequestManager: Failed to fetch tile (68643,45887,17) 5 times, giving up. Last error message was: 'Network Not Available' (default:unknown:0)
   104.030 - warning: QGeoTileRequestManager: Failed to fetch tile (68644,45887,17) 5 times, giving up. Last error message was: 'Network Not Available' (default:unknown:0)
   104.030 - warning: QGeoTileRequestManager: Failed to fetch tile (68645,45887,17) 5 times, giving up. Last error message was: 'Network Not Available' (default:unknown:0)
   104.030 - warning: QGeoTileRequestManager: Failed to fetch tile (68646,45887,17) 5 times, giving up. Last error message was: 'Network Not Available' (default:unknown:0)
   104.032 - warning: QGeoTileRequestManager: Failed to fetch tile (68647,45887,17) 5 times, giving up. Last error message was: 'Network Not Available' (default:unknown:0)
   104.033 - warning: QGeoTileRequestManager: Failed to fetch tile (68648,45887,17) 5 times, giving up. Last error message was: 'Network Not Available' (default:unknown:0)
   104.035 - warning: QGeoTileRequestManager: Failed to fetch tile (68649,45887,17) 5 times, giving up. Last error message was: 'Network Not Available' (default:unknown:0)
   104.036 - warning: QGeoTileRequestManager: Failed to fetch tile (68650,45887,17) 5 times, giving up. Last error message was: 'Network Not Available' (default:unknown:0)
   104.038 - warning: QGeoTileRequestManager: Failed to fetch tile (68651,45887,17) 5 times, giving up. Last error message was: 'Network Not Available' (default:unknown:0)
   104.039 - warning: QGeoTileRequestManager: Failed to fetch tile (68643,45888,17) 5 times, giving up. Last error message was: 'Network Not Available' (default:unknown:0)
   104.040 - warning: QGeoTileRequestManager: Failed to fetch tile (68644,45888,17) 5 times, giving up. Last error message was: 'Network Not Available' (default:unknown:0)
   104.041 - warning: QGeoTileRequestManager: Failed to fetch tile (68645,45888,17) 5 times, giving up. Last error message was: 'Network Not Available' (default:unknown:0)
   104.043 - warning: QGeoTileRequestManager: Failed to fetch tile (68646,45888,17) 5 times, giving up. Last error message was: 'Network Not Available' (default:unknown:0)
   104.044 - warning: QGeoTileRequestManager: Failed to fetch tile (68647,45888,17) 5 times, giving up. Last error message was: 'Network Not Available' (default:unknown:0)
   104.046 - warning: QGeoTileRequestManager: Failed to fetch tile (68648,45888,17) 5 times, giving up. Last error message was: 'Network Not Available' (default:unknown:0)
   104.048 - warning: QGeoTileRequestManager: Failed to fetch tile (68649,45888,17) 5 times, giving up. Last error message was: 'Network Not Available' (default:unknown:0)
   104.050 - warning: QGeoTileRequestManager: Failed to fetch tile (68650,45888,17) 5 times, giving up. Last error message was: 'Network Not Available' (default:unknown:0)
   104.051 - warning: QGeoTileRequestManager: Failed to fetch tile (68651,45888,17) 5 times, giving up. Last error message was: 'Network Not Available' (default:unknown:0)
   104.052 - warning: QGeoTileRequestManager: Failed to fetch tile (68643,45889,17) 5 times, giving up. Last error message was: 'Network Not Available' (default:unknown:0)
   104.053 - warning: QGeoTileRequestManager: Failed to fetch tile (68644,45889,17) 5 times, giving up. Last error message was: 'Network Not Available' (default:unknown:0)
   104.055 - warning: QGeoTileRequestManager: Failed to fetch tile (68645,45889,17) 5 times, giving up. Last error message was: 'Network Not Available' (default:unknown:0)
   104.056 - warning: QGeoTileRequestManager: Failed to fetch tile (68646,45889,17) 5 times, giving up. Last error message was: 'Network Not Available' (default:unknown:0)
   104.057 - warning: QGeoTileRequestManager: Failed to fetch tile (68647,45889,17) 5 times, giving up. Last error message was: 'Network Not Available' (default:unknown:0)
   104.060 - warning: QGeoTileRequestManager: Failed to fetch tile (68648,45889,17) 5 times, giving up. Last error message was: 'Network Not Available' (default:unknown:0)
   104.063 - warning: QGeoTileRequestManager: Failed to fetch tile (68649,45889,17) 5 times, giving up. Last error message was: 'Network Not Available' (default:unknown:0)
   104.064 - warning: QGeoTileRequestManager: Failed to fetch tile (68650,45889,17) 5 times, giving up. Last error message was: 'Network Not Available' (default:unknown:0)
   104.066 - warning: QGeoTileRequestManager: Failed to fetch tile (68651,45889,17) 5 times, giving up. Last error message was: 'Network Not Available' (default:unknown:0)
   104.068 - warning: QGeoTileRequestManager: Failed to fetch tile (68643,45890,17) 5 times, giving up. Last error message was: 'Network Not Available' (default:unknown:0)
   104.069 - warning: QGeoTileRequestManager: Failed to fetch tile (68644,45890,17) 5 times, giving up. Last error message was: 'Network Not Available' (default:unknown:0)
   104.071 - warning: QGeoTileRequestManager: Failed to fetch tile (68645,45890,17) 5 times, giving up. Last error message was: 'Network Not Available' (default:unknown:0)
   104.072 - warning: QGeoTileRequestManager: Failed to fetch tile (68646,45890,17) 5 times, giving up. Last error message was: 'Network Not Available' (default:unknown:0)
   104.074 - warning: QGeoTileRequestManager: Failed to fetch tile (68647,45890,17) 5 times, giving up. Last error message was: 'Network Not Available' (default:unknown:0)
   104.074 - warning: QGeoTileRequestManager: Failed to fetch tile (68648,45890,17) 5 times, giving up. Last error message was: 'Network Not Available' (default:unknown:0)
   104.074 - warning: QGeoTileRequestManager: Failed to fetch tile (68649,45890,17) 5 times, giving up. Last error message was: 'Network Not Available' (default:unknown:0)
   105.016 - warning: QGeoTileRequestManager: Failed to fetch tile (68650,45890,17) 5 times, giving up. Last error message was: 'Network Not Available' (default:unknown:0)
   105.017 - warning: QGeoTileRequestManager: Failed to fetch tile (68651,45890,17) 5 times, giving up. Last error message was: 'Network Not Available' (default:unknown:0)
   120.029 - warning: QGeoTileRequestManager: Failed to fetch tile (68643,45886,17) 5 times, giving up. Last error message was: 'Network Not Available' (default:unknown:0)
   120.031 - warning: QGeoTileRequestManager: Failed to fetch tile (68644,45886,17) 5 times, giving up. Last error message was: 'Network Not Available' (default:unknown:0)
   120.031 - warning: QGeoTileRequestManager: Failed to fetch tile (68645,45886,17) 5 times, giving up. Last error message was: 'Network Not Available' (default:unknown:0)
   120.031 - warning: QGeoTileRequestManager: Failed to fetch tile (68646,45886,17) 5 times, giving up. Last error message was: 'Network Not Available' (default:unknown:0)
   120.031 - warning: QGeoTileRequestManager: Failed to fetch tile (68647,45886,17) 5 times, giving up. Last error message was: 'Network Not Available' (default:unknown:0)
   120.031 - warning: QGeoTileRequestManager: Failed to fetch tile (68648,45886,17) 5 times, giving up. Last error message was: 'Network Not Available' (default:unknown:0)
   120.031 - warning: QGeoTileRequestManager: Failed to fetch tile (68649,45886,17) 5 times, giving up. Last error message was: 'Network Not Available' (default:unknown:0)
   120.031 - warning: QGeoTileRequestManager: Failed to fetch tile (68650,45886,17) 5 times, giving up. Last error message was: 'Network Not Available' (default:unknown:0)
   120.031 - warning: QGeoTileRequestManager: Failed to fetch tile (68651,45886,17) 5 times, giving up. Last error message was: 'Network Not Available' (default:unknown:0)
   120.032 - warning: QGeoTileRequestManager: Failed to fetch tile (68643,45887,17) 5 times, giving up. Last error message was: 'Network Not Available' (default:unknown:0)
   120.032 - warning: QGeoTileRequestManager: Failed to fetch tile (68644,45887,17) 5 times, giving up. Last error message was: 'Network Not Available' (default:unknown:0)
   120.033 - warning: QGeoTileRequestManager: Failed to fetch tile (68645,45887,17) 5 times, giving up. Last error message was: 'Network Not Available' (default:unknown:0)
   120.033 - warning: QGeoTileRequestManager: Failed to fetch tile (68646,45887,17) 5 times, giving up. Last error message was: 'Network Not Available' (default:unknown:0)
   120.033 - warning: QGeoTileRequestManager: Failed to fetch tile (68647,45887,17) 5 times, giving up. Last error message was: 'Network Not Available' (default:unknown:0)
   120.035 - warning: QGeoTileRequestManager: Failed to fetch tile (68648,45887,17) 5 times, giving up. Last error message was: 'Network Not Available' (default:unknown:0)
   120.036 - warning: QGeoTileRequestManager: Failed to fetch tile (68649,45887,17) 5 times, giving up. Last error message was: 'Network Not Available' (default:unknown:0)
   120.038 - warning: QGeoTileRequestManager: Failed to fetch tile (68650,45887,17) 5 times, giving up. Last error message was: 'Network Not Available' (default:unknown:0)
   120.039 - warning: QGeoTileRequestManager: Failed to fetch tile (68651,45887,17) 5 times, giving up. Last error message was: 'Network Not Available' (default:unknown:0)
   120.041 - warning: QGeoTileRequestManager: Failed to fetch tile (68643,45888,17) 5 times, giving up. Last error message was: 'Network Not Available' (default:unknown:0)
   120.043 - warning: QGeoTileRequestManager: Failed to fetch tile (68644,45888,17) 5 times, giving up. Last error message was: 'Network Not Available' (default:unknown:0)
   120.044 - warning: QGeoTileRequestManager: Failed to fetch tile (68645,45888,17) 5 times, giving up. Last error message was: 'Network Not Available' (default:unknown:0)
   120.045 - warning: QGeoTileRequestManager: Failed to fetch tile (68646,45888,17) 5 times, giving up. Last error message was: 'Network Not Available' (default:unknown:0)
   120.046 - warning: QGeoTileRequestManager: Failed to fetch tile (68647,45888,17) 5 times, giving up. Last error message was: 'Network Not Available' (default:unknown:0)
   120.046 - warning: QGeoTileRequestManager: Failed to fetch tile (68648,45888,17) 5 times, giving up. Last error message was: 'Network Not Available' (default:unknown:0)
   120.047 - warning: QGeoTileRequestManager: Failed to fetch tile (68649,45888,17) 5 times, giving up. Last error message was: 'Network Not Available' (default:unknown:0)
   120.047 - warning: QGeoTileRequestManager: Failed to fetch tile (68650,45888,17) 5 times, giving up. Last error message was: 'Network Not Available' (default:unknown:0)
   120.048 - warning: QGeoTileRequestManager: Failed to fetch tile (68651,45888,17) 5 times, giving up. Last error message was: 'Network Not Available' (default:unknown:0)
   120.049 - warning: QGeoTileRequestManager: Failed to fetch tile (68643,45889,17) 5 times, giving up. Last error message was: 'Network Not Available' (default:unknown:0)
   120.050 - warning: QGeoTileRequestManager: Failed to fetch tile (68644,45889,17) 5 times, giving up. Last error message was: 'Network Not Available' (default:unknown:0)
   120.051 - warning: QGeoTileRequestManager: Failed to fetch tile (68645,45889,17) 5 times, giving up. Last error message was: 'Network Not Available' (default:unknown:0)
   120.051 - warning: QGeoTileRequestManager: Failed to fetch tile (68646,45889,17) 5 times, giving up. Last error message was: 'Network Not Available' (default:unknown:0)
   120.052 - warning: QGeoTileRequestManager: Failed to fetch tile (68647,45889,17) 5 times, giving up. Last error message was: 'Network Not Available' (default:unknown:0)
   120.053 - warning: QGeoTileRequestManager: Failed to fetch tile (68648,45889,17) 5 times, giving up. Last error message was: 'Network Not Available' (default:unknown:0)
   120.054 - warning: QGeoTileRequestManager: Failed to fetch tile (68649,45889,17) 5 times, giving up. Last error message was: 'Network Not Available' (default:unknown:0)
   120.056 - warning: QGeoTileRequestManager: Failed to fetch tile (68650,45889,17) 5 times, giving up. Last error message was: 'Network Not Available' (default:unknown:0)
   120.058 - warning: QGeoTileRequestManager: Failed to fetch tile (68651,45889,17) 5 times, giving up. Last error message was: 'Network Not Available' (default:unknown:0)
   120.059 - warning: QGeoTileRequestManager: Failed to fetch tile (68643,45890,17) 5 times, giving up. Last error message was: 'Network Not Available' (default:unknown:0)
   120.060 - warning: QGeoTileRequestManager: Failed to fetch tile (68644,45890,17) 5 times, giving up. Last error message was: 'Network Not Available' (default:unknown:0)
   120.062 - warning: QGeoTileRequestManager: Failed to fetch tile (68645,45890,17) 5 times, giving up. Last error message was: 'Network Not Available' (default:unknown:0)
   120.064 - warning: QGeoTileRequestManager: Failed to fetch tile (68646,45890,17) 5 times, giving up. Last error message was: 'Network Not Available' (default:unknown:0)
   120.065 - warning: QGeoTileRequestManager: Failed to fetch tile (68647,45890,17) 5 times, giving up. Last error message was: 'Network Not Available' (default:unknown:0)
   120.065 - warning: QGeoTileRequestManager: Failed to fetch tile (68648,45890,17) 5 times, giving up. Last error message was: 'Network Not Available' (default:unknown:0)
   120.065 - warning: QGeoTileRequestManager: Failed to fetch tile (68649,45890,17) 5 times, giving up. Last error message was: 'Network Not Available' (default:unknown:0)
   121.014 - warning: QGeoTileRequestManager: Failed to fetch tile (68650,45890,17) 5 times, giving up. Last error message was: 'Network Not Available' (default:unknown:0)
   121.014 - warning: QGeoTileRequestManager: Failed to fetch tile (68651,45890,17) 5 times, giving up. Last error message was: 'Network Not Available' (default:unknown:0)
   136.028 - warning: QGeoTileRequestManager: Failed to fetch tile (68643,45886,17) 5 times, giving up. Last error message was: 'Network Not Available' (default:unknown:0)
   136.030 - warning: QGeoTileRequestManager: Failed to fetch tile (68644,45886,17) 5 times, giving up. Last error message was: 'Network Not Available' (default:unknown:0)
   136.030 - warning: QGeoTileRequestManager: Failed to fetch tile (68645,45886,17) 5 times, giving up. Last error message was: 'Network Not Available' (default:unknown:0)
   136.030 - warning: QGeoTileRequestManager: Failed to fetch tile (68646,45886,17) 5 times, giving up. Last error message was: 'Network Not Available' (default:unknown:0)
   136.030 - warning: QGeoTileRequestManager: Failed to fetch tile (68647,45886,17) 5 times, giving up. Last error message was: 'Network Not Available' (default:unknown:0)
   136.030 - warning: QGeoTileRequestManager: Failed to fetch tile (68648,45886,17) 5 times, giving up. Last error message was: 'Network Not Available' (default:unknown:0)
   136.030 - warning: QGeoTileRequestManager: Failed to fetch tile (68649,45886,17) 5 times, giving up. Last error message was: 'Network Not Available' (default:unknown:0)
   136.030 - warning: QGeoTileRequestManager: Failed to fetch tile (68650,45886,17) 5 times, giving up. Last error message was: 'Network Not Available' (default:unknown:0)
   136.030 - warning: QGeoTileRequestManager: Failed to fetch tile (68651,45886,17) 5 times, giving up. Last error message was: 'Network Not Available' (default:unknown:0)
   136.030 - warning: QGeoTileRequestManager: Failed to fetch tile (68643,45887,17) 5 times, giving up. Last error message was: 'Network Not Available' (default:unknown:0)
   136.030 - warning: QGeoTileRequestManager: Failed to fetch tile (68644,45887,17) 5 times, giving up. Last error message was: 'Network Not Available' (default:unknown:0)
   136.031 - warning: QGeoTileRequestManager: Failed to fetch tile (68645,45887,17) 5 times, giving up. Last error message was: 'Network Not Available' (default:unknown:0)
   136.032 - warning: QGeoTileRequestManager: Failed to fetch tile (68646,45887,17) 5 times, giving up. Last error message was: 'Network Not Available' (default:unknown:0)
   136.034 - warning: QGeoTileRequestManager: Failed to fetch tile (68647,45887,17) 5 times, giving up. Last error message was: 'Network Not Available' (default:unknown:0)
   136.036 - warning: QGeoTileRequestManager: Failed to fetch tile (68648,45887,17) 5 times, giving up. Last error message was: 'Network Not Available' (default:unknown:0)
   136.039 - warning: QGeoTileRequestManager: Failed to fetch tile (68649,45887,17) 5 times, giving up. Last error message was: 'Network Not Available' (default:unknown:0)
   136.040 - warning: QGeoTileRequestManager: Failed to fetch tile (68650,45887,17) 5 times, giving up. Last error message was: 'Network Not Available' (default:unknown:0)
   136.042 - warning: QGeoTileRequestManager: Failed to fetch tile (68651,45887,17) 5 times, giving up. Last error message was: 'Network Not Available' (default:unknown:0)
   136.044 - warning: QGeoTileRequestManager: Failed to fetch tile (68643,45888,17) 5 times, giving up. Last error message was: 'Network Not Available' (default:unknown:0)
   136.046 - warning: QGeoTileRequestManager: Failed to fetch tile (68644,45888,17) 5 times, giving up. Last error message was: 'Network Not Available' (default:unknown:0)
   136.046 - warning: QGeoTileRequestManager: Failed to fetch tile (68645,45888,17) 5 times, giving up. Last error message was: 'Network Not Available' (default:unknown:0)
   136.048 - warning: QGeoTileRequestManager: Failed to fetch tile (68646,45888,17) 5 times, giving up. Last error message was: 'Network Not Available' (default:unknown:0)
   136.050 - warning: QGeoTileRequestManager: Failed to fetch tile (68647,45888,17) 5 times, giving up. Last error message was: 'Network Not Available' (default:unknown:0)
   136.051 - warning: QGeoTileRequestManager: Failed to fetch tile (68648,45888,17) 5 times, giving up. Last error message was: 'Network Not Available' (default:unknown:0)
   136.052 - warning: QGeoTileRequestManager: Failed to fetch tile (68649,45888,17) 5 times, giving up. Last error message was: 'Network Not Available' (default:unknown:0)
   136.054 - warning: QGeoTileRequestManager: Failed to fetch tile (68650,45888,17) 5 times, giving up. Last error message was: 'Network Not Available' (default:unknown:0)
   136.056 - warning: QGeoTileRequestManager: Failed to fetch tile (68651,45888,17) 5 times, giving up. Last error message was: 'Network Not Available' (default:unknown:0)
   136.057 - warning: QGeoTileRequestManager: Failed to fetch tile (68643,45889,17) 5 times, giving up. Last error message was: 'Network Not Available' (default:unknown:0)
   136.058 - warning: QGeoTileRequestManager: Failed to fetch tile (68644,45889,17) 5 times, giving up. Last error message was: 'Network Not Available' (default:unknown:0)
   136.059 - warning: QGeoTileRequestManager: Failed to fetch tile (68645,45889,17) 5 times, giving up. Last error message was: 'Network Not Available' (default:unknown:0)
   136.060 - warning: QGeoTileRequestManager: Failed to fetch tile (68646,45889,17) 5 times, giving up. Last error message was: 'Network Not Available' (default:unknown:0)
   136.061 - warning: QGeoTileRequestManager: Failed to fetch tile (68647,45889,17) 5 times, giving up. Last error message was: 'Network Not Available' (default:unknown:0)
   136.062 - warning: QGeoTileRequestManager: Failed to fetch tile (68648,45889,17) 5 times, giving up. Last error message was: 'Network Not Available' (default:unknown:0)
   136.063 - warning: QGeoTileRequestManager: Failed to fetch tile (68649,45889,17) 5 times, giving up. Last error message was: 'Network Not Available' (default:unknown:0)
   136.064 - warning: QGeoTileRequestManager: Failed to fetch tile (68650,45889,17) 5 times, giving up. Last error message was: 'Network Not Available' (default:unknown:0)
   136.067 - warning: QGeoTileRequestManager: Failed to fetch tile (68651,45889,17) 5 times, giving up. Last error message was: 'Network Not Available' (default:unknown:0)
   136.069 - warning: QGeoTileRequestManager: Failed to fetch tile (68643,45890,17) 5 times, giving up. Last error message was: 'Network Not Available' (default:unknown:0)
   136.071 - warning: QGeoTileRequestManager: Failed to fetch tile (68644,45890,17) 5 times, giving up. Last error message was: 'Network Not Available' (default:unknown:0)
   136.073 - warning: QGeoTileRequestManager: Failed to fetch tile (68645,45890,17) 5 times, giving up. Last error message was: 'Network Not Available' (default:unknown:0)
   136.075 - warning: QGeoTileRequestManager: Failed to fetch tile (68646,45890,17) 5 times, giving up. Last error message was: 'Network Not Available' (default:unknown:0)
   136.076 - warning: QGeoTileRequestManager: Failed to fetch tile (68647,45890,17) 5 times, giving up. Last error message was: 'Network Not Available' (default:unknown:0)
   136.077 - warning: QGeoTileRequestManager: Failed to fetch tile (68648,45890,17) 5 times, giving up. Last error message was: 'Network Not Available' (default:unknown:0)
   136.079 - warning: QGeoTileRequestManager: Failed to fetch tile (68649,45890,17) 5 times, giving up. Last error message was: 'Network Not Available' (default:unknown:0)
   137.014 - warning: QGeoTileRequestManager: Failed to fetch tile (68650,45890,17) 5 times, giving up. Last error message was: 'Network Not Available' (default:unknown:0)
   137.015 - warning: QGeoTileRequestManager: Failed to fetch tile (68651,45890,17) 5 times, giving up. Last error message was: 'Network Not Available' (default:unknown:0)
   152.011 - warning: QGeoTileRequestManager: Failed to fetch tile (68643,45886,17) 5 times, giving up. Last error message was: 'Network Not Available' (default:unknown:0)
   152.011 - warning: QGeoTileRequestManager: Failed to fetch tile (68644,45886,17) 5 times, giving up. Last error message was: 'Network Not Available' (default:unknown:0)
   152.011 - warning: QGeoTileRequestManager: Failed to fetch tile (68645,45886,17) 5 times, giving up. Last error message was: 'Network Not Available' (default:unknown:0)
   152.011 - warning: QGeoTileRequestManager: Failed to fetch tile (68646,45886,17) 5 times, giving up. Last error message was: 'Network Not Available' (default:unknown:0)
   152.014 - warning: QGeoTileRequestManager: Failed to fetch tile (68647,45886,17) 5 times, giving up. Last error message was: 'Network Not Available' (default:unknown:0)
   152.014 - warning: QGeoTileRequestManager: Failed to fetch tile (68648,45886,17) 5 times, giving up. Last error message was: 'Network Not Available' (default:unknown:0)
   152.019 - warning: QGeoTileRequestManager: Failed to fetch tile (68649,45886,17) 5 times, giving up. Last error message was: 'Network Not Available' (default:unknown:0)
   152.019 - warning: QGeoTileRequestManager: Failed to fetch tile (68650,45886,17) 5 times, giving up. Last error message was: 'Network Not Available' (default:unknown:0)
   152.020 - warning: QGeoTileRequestManager: Failed to fetch tile (68651,45886,17) 5 times, giving up. Last error message was: 'Network Not Available' (default:unknown:0)
   152.023 - warning: QGeoTileRequestManager: Failed to fetch tile (68643,45887,17) 5 times, giving up. Last error message was: 'Network Not Available' (default:unknown:0)
   152.026 - warning: QGeoTileRequestManager: Failed to fetch tile (68644,45887,17) 5 times, giving up. Last error message was: 'Network Not Available' (default:unknown:0)
   152.028 - warning: QGeoTileRequestManager: Failed to fetch tile (68645,45887,17) 5 times, giving up. Last error message was: 'Network Not Available' (default:unknown:0)
   152.030 - warning: QGeoTileRequestManager: Failed to fetch tile (68646,45887,17) 5 times, giving up. Last error message was: 'Network Not Available' (default:unknown:0)
   152.031 - warning: QGeoTileRequestManager: Failed to fetch tile (68647,45887,17) 5 times, giving up. Last error message was: 'Network Not Available' (default:unknown:0)
   152.032 - warning: QGeoTileRequestManager: Failed to fetch tile (68648,45887,17) 5 times, giving up. Last error message was: 'Network Not Available' (default:unknown:0)
   152.034 - warning: QGeoTileRequestManager: Failed to fetch tile (68649,45887,17) 5 times, giving up. Last error message was: 'Network Not Available' (default:unknown:0)
   152.036 - warning: QGeoTileRequestManager: Failed to fetch tile (68650,45887,17) 5 times, giving up. Last error message was: 'Network Not Available' (default:unknown:0)
   152.038 - warning: QGeoTileRequestManager: Failed to fetch tile (68651,45887,17) 5 times, giving up. Last error message was: 'Network Not Available' (default:unknown:0)
   152.040 - warning: QGeoTileRequestManager: Failed to fetch tile (68643,45888,17) 5 times, giving up. Last error message was: 'Network Not Available' (default:unknown:0)
   152.042 - warning: QGeoTileRequestManager: Failed to fetch tile (68644,45888,17) 5 times, giving up. Last error message was: 'Network Not Available' (default:unknown:0)
   152.043 - warning: QGeoTileRequestManager: Failed to fetch tile (68645,45888,17) 5 times, giving up. Last error message was: 'Network Not Available' (default:unknown:0)
   152.044 - warning: QGeoTileRequestManager: Failed to fetch tile (68646,45888,17) 5 times, giving up. Last error message was: 'Network Not Available' (default:unknown:0)
   152.045 - warning: QGeoTileRequestManager: Failed to fetch tile (68647,45888,17) 5 times, giving up. Last error message was: 'Network Not Available' (default:unknown:0)
   152.046 - warning: QGeoTileRequestManager: Failed to fetch tile (68648,45888,17) 5 times, giving up. Last error message was: 'Network Not Available' (default:unknown:0)
   152.047 - warning: QGeoTileRequestManager: Failed to fetch tile (68649,45888,17) 5 times, giving up. Last error message was: 'Network Not Available' (default:unknown:0)
   152.048 - warning: QGeoTileRequestManager: Failed to fetch tile (68650,45888,17) 5 times, giving up. Last error message was: 'Network Not Available' (default:unknown:0)
   152.050 - warning: QGeoTileRequestManager: Failed to fetch tile (68651,45888,17) 5 times, giving up. Last error message was: 'Network Not Available' (default:unknown:0)
   152.051 - warning: QGeoTileRequestManager: Failed to fetch tile (68643,45889,17) 5 times, giving up. Last error message was: 'Network Not Available' (default:unknown:0)
   152.053 - warning: QGeoTileRequestManager: Failed to fetch tile (68644,45889,17) 5 times, giving up. Last error message was: 'Network Not Available' (default:unknown:0)
   152.055 - warning: QGeoTileRequestManager: Failed to fetch tile (68645,45889,17) 5 times, giving up. Last error message was: 'Network Not Available' (default:unknown:0)
   152.057 - warning: QGeoTileRequestManager: Failed to fetch tile (68646,45889,17) 5 times, giving up. Last error message was: 'Network Not Available' (default:unknown:0)
   152.058 - warning: QGeoTileRequestManager: Failed to fetch tile (68647,45889,17) 5 times, giving up. Last error message was: 'Network Not Available' (default:unknown:0)
   152.059 - warning: QGeoTileRequestManager: Failed to fetch tile (68648,45889,17) 5 times, giving up. Last error message was: 'Network Not Available' (default:unknown:0)
   152.060 - warning: QGeoTileRequestManager: Failed to fetch tile (68649,45889,17) 5 times, giving up. Last error message was: 'Network Not Available' (default:unknown:0)
   152.062 - warning: QGeoTileRequestManager: Failed to fetch tile (68650,45889,17) 5 times, giving up. Last error message was: 'Network Not Available' (default:unknown:0)
   152.062 - warning: QGeoTileRequestManager: Failed to fetch tile (68651,45889,17) 5 times, giving up. Last error message was: 'Network Not Available' (default:unknown:0)
   152.063 - warning: QGeoTileRequestManager: Failed to fetch tile (68643,45890,17) 5 times, giving up. Last error message was: 'Network Not Available' (default:unknown:0)
   152.064 - warning: QGeoTileRequestManager: Failed to fetch tile (68644,45890,17) 5 times, giving up. Last error message was: 'Network Not Available' (default:unknown:0)
   152.066 - warning: QGeoTileRequestManager: Failed to fetch tile (68645,45890,17) 5 times, giving up. Last error message was: 'Network Not Available' (default:unknown:0)
   152.067 - warning: QGeoTileRequestManager: Failed to fetch tile (68646,45890,17) 5 times, giving up. Last error message was: 'Network Not Available' (default:unknown:0)
   152.068 - warning: QGeoTileRequestManager: Failed to fetch tile (68647,45890,17) 5 times, giving up. Last error message was: 'Network Not Available' (default:unknown:0)
   152.068 - warning: QGeoTileRequestManager: Failed to fetch tile (68648,45890,17) 5 times, giving up. Last error message was: 'Network Not Available' (default:unknown:0)
   152.068 - warning: QGeoTileRequestManager: Failed to fetch tile (68649,45890,17) 5 times, giving up. Last error message was: 'Network Not Available' (default:unknown:0)
   153.014 - warning: QGeoTileRequestManager: Failed to fetch tile (68650,45890,17) 5 times, giving up. Last error message was: 'Network Not Available' (default:unknown:0)
   153.014 - warning: QGeoTileRequestManager: Failed to fetch tile (68651,45890,17) 5 times, giving up. Last error message was: 'Network Not Available' (default:unknown:0)
   168.027 - warning: QGeoTileRequestManager: Failed to fetch tile (68643,45886,17) 5 times, giving up. Last error message was: 'Network Not Available' (default:unknown:0)
   168.028 - warning: QGeoTileRequestManager: Failed to fetch tile (68644,45886,17) 5 times, giving up. Last error message was: 'Network Not Available' (default:unknown:0)
   168.028 - warning: QGeoTileRequestManager: Failed to fetch tile (68645,45886,17) 5 times, giving up. Last error message was: 'Network Not Available' (default:unknown:0)
   168.028 - warning: QGeoTileRequestManager: Failed to fetch tile (68646,45886,17) 5 times, giving up. Last error message was: 'Network Not Available' (default:unknown:0)
   168.028 - warning: QGeoTileRequestManager: Failed to fetch tile (68647,45886,17) 5 times, giving up. Last error message was: 'Network Not Available' (default:unknown:0)
   168.028 - warning: QGeoTileRequestManager: Failed to fetch tile (68648,45886,17) 5 times, giving up. Last error message was: 'Network Not Available' (default:unknown:0)
   168.031 - warning: QGeoTileRequestManager: Failed to fetch tile (68649,45886,17) 5 times, giving up. Last error message was: 'Network Not Available' (default:unknown:0)
   168.032 - warning: QGeoTileRequestManager: Failed to fetch tile (68650,45886,17) 5 times, giving up. Last error message was: 'Network Not Available' (default:unknown:0)
   168.036 - warning: QGeoTileRequestManager: Failed to fetch tile (68651,45886,17) 5 times, giving up. Last error message was: 'Network Not Available' (default:unknown:0)
   168.037 - warning: QGeoTileRequestManager: Failed to fetch tile (68643,45887,17) 5 times, giving up. Last error message was: 'Network Not Available' (default:unknown:0)
   168.038 - warning: QGeoTileRequestManager: Failed to fetch tile (68644,45887,17) 5 times, giving up. Last error message was: 'Network Not Available' (default:unknown:0)
   168.039 - warning: QGeoTileRequestManager: Failed to fetch tile (68645,45887,17) 5 times, giving up. Last error message was: 'Network Not Available' (default:unknown:0)
   168.040 - warning: QGeoTileRequestManager: Failed to fetch tile (68646,45887,17) 5 times, giving up. Last error message was: 'Network Not Available' (default:unknown:0)
   168.042 - warning: QGeoTileRequestManager: Failed to fetch tile (68647,45887,17) 5 times, giving up. Last error message was: 'Network Not Available' (default:unknown:0)
   168.044 - warning: QGeoTileRequestManager: Failed to fetch tile (68648,45887,17) 5 times, giving up. Last error message was: 'Network Not Available' (default:unknown:0)
   168.046 - warning: QGeoTileRequestManager: Failed to fetch tile (68649,45887,17) 5 times, giving up. Last error message was: 'Network Not Available' (default:unknown:0)
   168.047 - warning: QGeoTileRequestManager: Failed to fetch tile (68650,45887,17) 5 times, giving up. Last error message was: 'Network Not Available' (default:unknown:0)
   168.048 - warning: QGeoTileRequestManager: Failed to fetch tile (68651,45887,17) 5 times, giving up. Last error message was: 'Network Not Available' (default:unknown:0)
   168.049 - warning: QGeoTileRequestManager: Failed to fetch tile (68643,45888,17) 5 times, giving up. Last error message was: 'Network Not Available' (default:unknown:0)
   168.050 - warning: QGeoTileRequestManager: Failed to fetch tile (68644,45888,17) 5 times, giving up. Last error message was: 'Network Not Available' (default:unknown:0)
   168.052 - warning: QGeoTileRequestManager: Failed to fetch tile (68645,45888,17) 5 times, giving up. Last error message was: 'Network Not Available' (default:unknown:0)
   168.054 - warning: QGeoTileRequestManager: Failed to fetch tile (68646,45888,17) 5 times, giving up. Last error message was: 'Network Not Available' (default:unknown:0)
   168.055 - warning: QGeoTileRequestManager: Failed to fetch tile (68647,45888,17) 5 times, giving up. Last error message was: 'Network Not Available' (default:unknown:0)
   168.056 - warning: QGeoTileRequestManager: Failed to fetch tile (68648,45888,17) 5 times, giving up. Last error message was: 'Network Not Available' (default:unknown:0)
   168.056 - warning: QGeoTileRequestManager: Failed to fetch tile (68649,45888,17) 5 times, giving up. Last error message was: 'Network Not Available' (default:unknown:0)
   168.057 - warning: QGeoTileRequestManager: Failed to fetch tile (68650,45888,17) 5 times, giving up. Last error message was: 'Network Not Available' (default:unknown:0)
   168.058 - warning: QGeoTileRequestManager: Failed to fetch tile (68651,45888,17) 5 times, giving up. Last error message was: 'Network Not Available' (default:unknown:0)
   168.060 - warning: QGeoTileRequestManager: Failed to fetch tile (68643,45889,17) 5 times, giving up. Last error message was: 'Network Not Available' (default:unknown:0)
   168.061 - warning: QGeoTileRequestManager: Failed to fetch tile (68644,45889,17) 5 times, giving up. Last error message was: 'Network Not Available' (default:unknown:0)
   168.062 - warning: QGeoTileRequestManager: Failed to fetch tile (68645,45889,17) 5 times, giving up. Last error message was: 'Network Not Available' (default:unknown:0)
   168.062 - warning: QGeoTileRequestManager: Failed to fetch tile (68646,45889,17) 5 times, giving up. Last error message was: 'Network Not Available' (default:unknown:0)
   168.064 - warning: QGeoTileRequestManager: Failed to fetch tile (68647,45889,17) 5 times, giving up. Last error message was: 'Network Not Available' (default:unknown:0)
   168.065 - warning: QGeoTileRequestManager: Failed to fetch tile (68648,45889,17) 5 times, giving up. Last error message was: 'Network Not Available' (default:unknown:0)
   168.066 - warning: QGeoTileRequestManager: Failed to fetch tile (68649,45889,17) 5 times, giving up. Last error message was: 'Network Not Available' (default:unknown:0)
   168.068 - warning: QGeoTileRequestManager: Failed to fetch tile (68650,45889,17) 5 times, giving up. Last error message was: 'Network Not Available' (default:unknown:0)
   168.070 - warning: QGeoTileRequestManager: Failed to fetch tile (68651,45889,17) 5 times, giving up. Last error message was: 'Network Not Available' (default:unknown:0)
   168.071 - warning: QGeoTileRequestManager: Failed to fetch tile (68643,45890,17) 5 times, giving up. Last error message was: 'Network Not Available' (default:unknown:0)
   168.072 - warning: QGeoTileRequestManager: Failed to fetch tile (68644,45890,17) 5 times, giving up. Last error message was: 'Network Not Available' (default:unknown:0)
   168.074 - warning: QGeoTileRequestManager: Failed to fetch tile (68645,45890,17) 5 times, giving up. Last error message was: 'Network Not Available' (default:unknown:0)
   168.075 - warning: QGeoTileRequestManager: Failed to fetch tile (68646,45890,17) 5 times, giving up. Last error message was: 'Network Not Available' (default:unknown:0)
   168.076 - warning: QGeoTileRequestManager: Failed to fetch tile (68647,45890,17) 5 times, giving up. Last error message was: 'Network Not Available' (default:unknown:0)
   168.077 - warning: QGeoTileRequestManager: Failed to fetch tile (68648,45890,17) 5 times, giving up. Last error message was: 'Network Not Available' (default:unknown:0)
   168.078 - warning: QGeoTileRequestManager: Failed to fetch tile (68649,45890,17) 5 times, giving up. Last error message was: 'Network Not Available' (default:unknown:0)
   169.050 - warning: QGeoTileRequestManager: Failed to fetch tile (68650,45890,17) 5 times, giving up. Last error message was: 'Network Not Available' (default:unknown:0)
   169.050 - warning: QGeoTileRequestManager: Failed to fetch tile (68651,45890,17) 5 times, giving up. Last error message was: 'Network Not Available' (default:unknown:0)
   184.032 - warning: QGeoTileRequestManager: Failed to fetch tile (68643,45886,17) 5 times, giving up. Last error message was: 'Network Not Available' (default:unknown:0)
   184.034 - warning: QGeoTileRequestManager: Failed to fetch tile (68644,45886,17) 5 times, giving up. Last error message was: 'Network Not Available' (default:unknown:0)
   184.034 - warning: QGeoTileRequestManager: Failed to fetch tile (68645,45886,17) 5 times, giving up. Last error message was: 'Network Not Available' (default:unknown:0)
   184.034 - warning: QGeoTileRequestManager: Failed to fetch tile (68646,45886,17) 5 times, giving up. Last error message was: 'Network Not Available' (default:unknown:0)
   184.034 - warning: QGeoTileRequestManager: Failed to fetch tile (68647,45886,17) 5 times, giving up. Last error message was: 'Network Not Available' (default:unknown:0)
   184.036 - warning: QGeoTileRequestManager: Failed to fetch tile (68648,45886,17) 5 times, giving up. Last error message was: 'Network Not Available' (default:unknown:0)
   184.037 - warning: QGeoTileRequestManager: Failed to fetch tile (68649,45886,17) 5 times, giving up. Last error message was: 'Network Not Available' (default:unknown:0)
   184.038 - warning: QGeoTileRequestManager: Failed to fetch tile (68650,45886,17) 5 times, giving up. Last error message was: 'Network Not Available' (default:unknown:0)
   184.039 - warning: QGeoTileRequestManager: Failed to fetch tile (68651,45886,17) 5 times, giving up. Last error message was: 'Network Not Available' (default:unknown:0)
   184.040 - warning: QGeoTileRequestManager: Failed to fetch tile (68643,45887,17) 5 times, giving up. Last error message was: 'Network Not Available' (default:unknown:0)
   184.041 - warning: QGeoTileRequestManager: Failed to fetch tile (68644,45887,17) 5 times, giving up. Last error message was: 'Network Not Available' (default:unknown:0)
   184.042 - warning: QGeoTileRequestManager: Failed to fetch tile (68645,45887,17) 5 times, giving up. Last error message was: 'Network Not Available' (default:unknown:0)
   184.042 - warning: QGeoTileRequestManager: Failed to fetch tile (68646,45887,17) 5 times, giving up. Last error message was: 'Network Not Available' (default:unknown:0)
   184.043 - warning: QGeoTileRequestManager: Failed to fetch tile (68647,45887,17) 5 times, giving up. Last error message was: 'Network Not Available' (default:unknown:0)
   184.044 - warning: QGeoTileRequestManager: Failed to fetch tile (68648,45887,17) 5 times, giving up. Last error message was: 'Network Not Available' (default:unknown:0)
   184.046 - warning: QGeoTileRequestManager: Failed to fetch tile (68649,45887,17) 5 times, giving up. Last error message was: 'Network Not Available' (default:unknown:0)
   184.047 - warning: QGeoTileRequestManager: Failed to fetch tile (68650,45887,17) 5 times, giving up. Last error message was: 'Network Not Available' (default:unknown:0)
   184.047 - warning: QGeoTileRequestManager: Failed to fetch tile (68651,45887,17) 5 times, giving up. Last error message was: 'Network Not Available' (default:unknown:0)
   184.048 - warning: QGeoTileRequestManager: Failed to fetch tile (68643,45888,17) 5 times, giving up. Last error message was: 'Network Not Available' (default:unknown:0)
   184.049 - warning: QGeoTileRequestManager: Failed to fetch tile (68644,45888,17) 5 times, giving up. Last error message was: 'Network Not Available' (default:unknown:0)
   184.050 - warning: QGeoTileRequestManager: Failed to fetch tile (68645,45888,17) 5 times, giving up. Last error message was: 'Network Not Available' (default:unknown:0)
   184.051 - warning: QGeoTileRequestManager: Failed to fetch tile (68646,45888,17) 5 times, giving up. Last error message was: 'Network Not Available' (default:unknown:0)
   184.052 - warning: QGeoTileRequestManager: Failed to fetch tile (68647,45888,17) 5 times, giving up. Last error message was: 'Network Not Available' (default:unknown:0)
   184.054 - warning: QGeoTileRequestManager: Failed to fetch tile (68648,45888,17) 5 times, giving up. Last error message was: 'Network Not Available' (default:unknown:0)
   184.056 - warning: QGeoTileRequestManager: Failed to fetch tile (68649,45888,17) 5 times, giving up. Last error message was: 'Network Not Available' (default:unknown:0)
   184.057 - warning: QGeoTileRequestManager: Failed to fetch tile (68650,45888,17) 5 times, giving up. Last error message was: 'Network Not Available' (default:unknown:0)
   184.058 - warning: QGeoTileRequestManager: Failed to fetch tile (68651,45888,17) 5 times, giving up. Last error message was: 'Network Not Available' (default:unknown:0)
   184.060 - warning: QGeoTileRequestManager: Failed to fetch tile (68643,45889,17) 5 times, giving up. Last error message was: 'Network Not Available' (default:unknown:0)
   184.061 - warning: QGeoTileRequestManager: Failed to fetch tile (68644,45889,17) 5 times, giving up. Last error message was: 'Network Not Available' (default:unknown:0)
   184.062 - warning: QGeoTileRequestManager: Failed to fetch tile (68645,45889,17) 5 times, giving up. Last error message was: 'Network Not Available' (default:unknown:0)
   184.062 - warning: QGeoTileRequestManager: Failed to fetch tile (68646,45889,17) 5 times, giving up. Last error message was: 'Network Not Available' (default:unknown:0)
   184.063 - warning: QGeoTileRequestManager: Failed to fetch tile (68647,45889,17) 5 times, giving up. Last error message was: 'Network Not Available' (default:unknown:0)
   184.064 - warning: QGeoTileRequestManager: Failed to fetch tile (68648,45889,17) 5 times, giving up. Last error message was: 'Network Not Available' (default:unknown:0)
   184.066 - warning: QGeoTileRequestManager: Failed to fetch tile (68649,45889,17) 5 times, giving up. Last error message was: 'Network Not Available' (default:unknown:0)
   184.069 - warning: QGeoTileRequestManager: Failed to fetch tile (68650,45889,17) 5 times, giving up. Last error message was: 'Network Not Available' (default:unknown:0)
   184.074 - warning: QGeoTileRequestManager: Failed to fetch tile (68651,45889,17) 5 times, giving up. Last error message was: 'Network Not Available' (default:unknown:0)
   184.077 - warning: QGeoTileRequestManager: Failed to fetch tile (68643,45890,17) 5 times, giving up. Last error message was: 'Network Not Available' (default:unknown:0)
   184.078 - warning: QGeoTileRequestManager: Failed to fetch tile (68644,45890,17) 5 times, giving up. Last error message was: 'Network Not Available' (default:unknown:0)
   184.079 - warning: QGeoTileRequestManager: Failed to fetch tile (68645,45890,17) 5 times, giving up. Last error message was: 'Network Not Available' (default:unknown:0)
   184.080 - warning: QGeoTileRequestManager: Failed to fetch tile (68646,45890,17) 5 times, giving up. Last error message was: 'Network Not Available' (default:unknown:0)
   184.080 - warning: QGeoTileRequestManager: Failed to fetch tile (68647,45890,17) 5 times, giving up. Last error message was: 'Network Not Available' (default:unknown:0)
   184.081 - warning: QGeoTileRequestManager: Failed to fetch tile (68648,45890,17) 5 times, giving up. Last error message was: 'Network Not Available' (default:unknown:0)
   184.082 - warning: QGeoTileRequestManager: Failed to fetch tile (68649,45890,17) 5 times, giving up. Last error message was: 'Network Not Available' (default:unknown:0)
   185.020 - warning: QGeoTileRequestManager: Failed to fetch tile (68650,45890,17) 5 times, giving up. Last error message was: 'Network Not Available' (default:unknown:0)
   185.020 - warning: QGeoTileRequestManager: Failed to fetch tile (68651,45890,17) 5 times, giving up. Last error message was: 'Network Not Available' (default:unknown:0)
   200.026 - warning: QGeoTileRequestManager: Failed to fetch tile (68643,45886,17) 5 times, giving up. Last error message was: 'Network Not Available' (default:unknown:0)
   200.027 - warning: QGeoTileRequestManager: Failed to fetch tile (68644,45886,17) 5 times, giving up. Last error message was: 'Network Not Available' (default:unknown:0)
   200.027 - warning: QGeoTileRequestManager: Failed to fetch tile (68645,45886,17) 5 times, giving up. Last error message was: 'Network Not Available' (default:unknown:0)
   200.027 - warning: QGeoTileRequestManager: Failed to fetch tile (68646,45886,17) 5 times, giving up. Last error message was: 'Network Not Available' (default:unknown:0)
   200.027 - warning: QGeoTileRequestManager: Failed to fetch tile (68647,45886,17) 5 times, giving up. Last error message was: 'Network Not Available' (default:unknown:0)
   200.027 - warning: QGeoTileRequestManager: Failed to fetch tile (68648,45886,17) 5 times, giving up. Last error message was: 'Network Not Available' (default:unknown:0)
   200.027 - warning: QGeoTileRequestManager: Failed to fetch tile (68649,45886,17) 5 times, giving up. Last error message was: 'Network Not Available' (default:unknown:0)
   200.027 - warning: QGeoTileRequestManager: Failed to fetch tile (68650,45886,17) 5 times, giving up. Last error message was: 'Network Not Available' (default:unknown:0)
   200.027 - warning: QGeoTileRequestManager: Failed to fetch tile (68651,45886,17) 5 times, giving up. Last error message was: 'Network Not Available' (default:unknown:0)
   200.027 - warning: QGeoTileRequestManager: Failed to fetch tile (68643,45887,17) 5 times, giving up. Last error message was: 'Network Not Available' (default:unknown:0)
   200.028 - warning: QGeoTileRequestManager: Failed to fetch tile (68644,45887,17) 5 times, giving up. Last error message was: 'Network Not Available' (default:unknown:0)
   200.029 - warning: QGeoTileRequestManager: Failed to fetch tile (68645,45887,17) 5 times, giving up. Last error message was: 'Network Not Available' (default:unknown:0)
   200.031 - warning: QGeoTileRequestManager: Failed to fetch tile (68646,45887,17) 5 times, giving up. Last error message was: 'Network Not Available' (default:unknown:0)
   200.032 - warning: QGeoTileRequestManager: Failed to fetch tile (68647,45887,17) 5 times, giving up. Last error message was: 'Network Not Available' (default:unknown:0)
   200.034 - warning: QGeoTileRequestManager: Failed to fetch tile (68648,45887,17) 5 times, giving up. Last error message was: 'Network Not Available' (default:unknown:0)
   200.035 - warning: QGeoTileRequestManager: Failed to fetch tile (68649,45887,17) 5 times, giving up. Last error message was: 'Network Not Available' (default:unknown:0)
   200.036 - warning: QGeoTileRequestManager: Failed to fetch tile (68650,45887,17) 5 times, giving up. Last error message was: 'Network Not Available' (default:unknown:0)
   200.038 - warning: QGeoTileRequestManager: Failed to fetch tile (68651,45887,17) 5 times, giving up. Last error message was: 'Network Not Available' (default:unknown:0)
   200.039 - warning: QGeoTileRequestManager: Failed to fetch tile (68643,45888,17) 5 times, giving up. Last error message was: 'Network Not Available' (default:unknown:0)
   200.040 - warning: QGeoTileRequestManager: Failed to fetch tile (68644,45888,17) 5 times, giving up. Last error message was: 'Network Not Available' (default:unknown:0)
   200.041 - warning: QGeoTileRequestManager: Failed to fetch tile (68645,45888,17) 5 times, giving up. Last error message was: 'Network Not Available' (default:unknown:0)
   200.042 - warning: QGeoTileRequestManager: Failed to fetch tile (68646,45888,17) 5 times, giving up. Last error message was: 'Network Not Available' (default:unknown:0)
   200.043 - warning: QGeoTileRequestManager: Failed to fetch tile (68647,45888,17) 5 times, giving up. Last error message was: 'Network Not Available' (default:unknown:0)
   200.044 - warning: QGeoTileRequestManager: Failed to fetch tile (68648,45888,17) 5 times, giving up. Last error message was: 'Network Not Available' (default:unknown:0)
   200.046 - warning: QGeoTileRequestManager: Failed to fetch tile (68649,45888,17) 5 times, giving up. Last error message was: 'Network Not Available' (default:unknown:0)
   200.047 - warning: QGeoTileRequestManager: Failed to fetch tile (68650,45888,17) 5 times, giving up. Last error message was: 'Network Not Available' (default:unknown:0)
   200.048 - warning: QGeoTileRequestManager: Failed to fetch tile (68651,45888,17) 5 times, giving up. Last error message was: 'Network Not Available' (default:unknown:0)
   200.050 - warning: QGeoTileRequestManager: Failed to fetch tile (68643,45889,17) 5 times, giving up. Last error message was: 'Network Not Available' (default:unknown:0)
   200.051 - warning: QGeoTileRequestManager: Failed to fetch tile (68644,45889,17) 5 times, giving up. Last error message was: 'Network Not Available' (default:unknown:0)
   200.052 - warning: QGeoTileRequestManager: Failed to fetch tile (68645,45889,17) 5 times, giving up. Last error message was: 'Network Not Available' (default:unknown:0)
   200.054 - warning: QGeoTileRequestManager: Failed to fetch tile (68646,45889,17) 5 times, giving up. Last error message was: 'Network Not Available' (default:unknown:0)
   200.056 - warning: QGeoTileRequestManager: Failed to fetch tile (68647,45889,17) 5 times, giving up. Last error message was: 'Network Not Available' (default:unknown:0)
   200.057 - warning: QGeoTileRequestManager: Failed to fetch tile (68648,45889,17) 5 times, giving up. Last error message was: 'Network Not Available' (default:unknown:0)
   200.059 - warning: QGeoTileRequestManager: Failed to fetch tile (68649,45889,17) 5 times, giving up. Last error message was: 'Network Not Available' (default:unknown:0)
   200.060 - warning: QGeoTileRequestManager: Failed to fetch tile (68650,45889,17) 5 times, giving up. Last error message was: 'Network Not Available' (default:unknown:0)
   200.062 - warning: QGeoTileRequestManager: Failed to fetch tile (68651,45889,17) 5 times, giving up. Last error message was: 'Network Not Available' (default:unknown:0)
   200.063 - warning: QGeoTileRequestManager: Failed to fetch tile (68643,45890,17) 5 times, giving up. Last error message was: 'Network Not Available' (default:unknown:0)
   200.063 - warning: QGeoTileRequestManager: Failed to fetch tile (68644,45890,17) 5 times, giving up. Last error message was: 'Network Not Available' (default:unknown:0)
   200.065 - warning: QGeoTileRequestManager: Failed to fetch tile (68645,45890,17) 5 times, giving up. Last error message was: 'Network Not Available' (default:unknown:0)
   200.068 - warning: QGeoTileRequestManager: Failed to fetch tile (68646,45890,17) 5 times, giving up. Last error message was: 'Network Not Available' (default:unknown:0)
   200.071 - warning: QGeoTileRequestManager: Failed to fetch tile (68647,45890,17) 5 times, giving up. Last error message was: 'Network Not Available' (default:unknown:0)
   200.073 - warning: QGeoTileRequestManager: Failed to fetch tile (68648,45890,17) 5 times, giving up. Last error message was: 'Network Not Available' (default:unknown:0)
   200.076 - warning: QGeoTileRequestManager: Failed to fetch tile (68649,45890,17) 5 times, giving up. Last error message was: 'Network Not Available' (default:unknown:0)
   201.015 - warning: QGeoTileRequestManager: Failed to fetch tile (68650,45890,17) 5 times, giving up. Last error message was: 'Network Not Available' (default:unknown:0)
   201.015 - warning: QGeoTileRequestManager: Failed to fetch tile (68651,45890,17) 5 times, giving up. Last error message was: 'Network Not Available' (default:unknown:0)
   216.022 - warning: QGeoTileRequestManager: Failed to fetch tile (68643,45886,17) 5 times, giving up. Last error message was: 'Network Not Available' (default:unknown:0)
   216.023 - warning: QGeoTileRequestManager: Failed to fetch tile (68644,45886,17) 5 times, giving up. Last error message was: 'Network Not Available' (default:unknown:0)
   216.024 - warning: QGeoTileRequestManager: Failed to fetch tile (68645,45886,17) 5 times, giving up. Last error message was: 'Network Not Available' (default:unknown:0)
   216.024 - warning: QGeoTileRequestManager: Failed to fetch tile (68646,45886,17) 5 times, giving up. Last error message was: 'Network Not Available' (default:unknown:0)
   216.025 - warning: QGeoTileRequestManager: Failed to fetch tile (68647,45886,17) 5 times, giving up. Last error message was: 'Network Not Available' (default:unknown:0)
   216.028 - warning: QGeoTileRequestManager: Failed to fetch tile (68648,45886,17) 5 times, giving up. Last error message was: 'Network Not Available' (default:unknown:0)
   216.030 - warning: QGeoTileRequestManager: Failed to fetch tile (68649,45886,17) 5 times, giving up. Last error message was: 'Network Not Available' (default:unknown:0)
   216.032 - warning: QGeoTileRequestManager: Failed to fetch tile (68650,45886,17) 5 times, giving up. Last error message was: 'Network Not Available' (default:unknown:0)
   216.035 - warning: QGeoTileRequestManager: Failed to fetch tile (68651,45886,17) 5 times, giving up. Last error message was: 'Network Not Available' (default:unknown:0)
   216.039 - warning: QGeoTileRequestManager: Failed to fetch tile (68643,45887,17) 5 times, giving up. Last error message was: 'Network Not Available' (default:unknown:0)
   216.040 - warning: QGeoTileRequestManager: Failed to fetch tile (68644,45887,17) 5 times, giving up. Last error message was: 'Network Not Available' (default:unknown:0)
   216.042 - warning: QGeoTileRequestManager: Failed to fetch tile (68645,45887,17) 5 times, giving up. Last error message was: 'Network Not Available' (default:unknown:0)
   216.044 - warning: QGeoTileRequestManager: Failed to fetch tile (68646,45887,17) 5 times, giving up. Last error message was: 'Network Not Available' (default:unknown:0)
   216.046 - warning: QGeoTileRequestManager: Failed to fetch tile (68647,45887,17) 5 times, giving up. Last error message was: 'Network Not Available' (default:unknown:0)
   216.048 - warning: QGeoTileRequestManager: Failed to fetch tile (68648,45887,17) 5 times, giving up. Last error message was: 'Network Not Available' (default:unknown:0)
   216.050 - warning: QGeoTileRequestManager: Failed to fetch tile (68649,45887,17) 5 times, giving up. Last error message was: 'Network Not Available' (default:unknown:0)
   216.052 - warning: QGeoTileRequestManager: Failed to fetch tile (68650,45887,17) 5 times, giving up. Last error message was: 'Network Not Available' (default:unknown:0)
   216.055 - warning: QGeoTileRequestManager: Failed to fetch tile (68651,45887,17) 5 times, giving up. Last error message was: 'Network Not Available' (default:unknown:0)
   216.058 - warning: QGeoTileRequestManager: Failed to fetch tile (68643,45888,17) 5 times, giving up. Last error message was: 'Network Not Available' (default:unknown:0)
   216.059 - warning: QGeoTileRequestManager: Failed to fetch tile (68644,45888,17) 5 times, giving up. Last error message was: 'Network Not Available' (default:unknown:0)
   216.060 - warning: QGeoTileRequestManager: Failed to fetch tile (68645,45888,17) 5 times, giving up. Last error message was: 'Network Not Available' (default:unknown:0)
   216.062 - warning: QGeoTileRequestManager: Failed to fetch tile (68646,45888,17) 5 times, giving up. Last error message was: 'Network Not Available' (default:unknown:0)
   216.063 - warning: QGeoTileRequestManager: Failed to fetch tile (68647,45888,17) 5 times, giving up. Last error message was: 'Network Not Available' (default:unknown:0)
   216.064 - warning: QGeoTileRequestManager: Failed to fetch tile (68648,45888,17) 5 times, giving up. Last error message was: 'Network Not Available' (default:unknown:0)
   216.066 - warning: QGeoTileRequestManager: Failed to fetch tile (68649,45888,17) 5 times, giving up. Last error message was: 'Network Not Available' (default:unknown:0)
   216.069 - warning: QGeoTileRequestManager: Failed to fetch tile (68650,45888,17) 5 times, giving up. Last error message was: 'Network Not Available' (default:unknown:0)
   216.072 - warning: QGeoTileRequestManager: Failed to fetch tile (68651,45888,17) 5 times, giving up. Last error message was: 'Network Not Available' (default:unknown:0)
   216.075 - warning: QGeoTileRequestManager: Failed to fetch tile (68643,45889,17) 5 times, giving up. Last error message was: 'Network Not Available' (default:unknown:0)
   216.077 - warning: QGeoTileRequestManager: Failed to fetch tile (68644,45889,17) 5 times, giving up. Last error message was: 'Network Not Available' (default:unknown:0)
   216.078 - warning: QGeoTileRequestManager: Failed to fetch tile (68645,45889,17) 5 times, giving up. Last error message was: 'Network Not Available' (default:unknown:0)
   216.079 - warning: QGeoTileRequestManager: Failed to fetch tile (68646,45889,17) 5 times, giving up. Last error message was: 'Network Not Available' (default:unknown:0)
   216.081 - warning: QGeoTileRequestManager: Failed to fetch tile (68647,45889,17) 5 times, giving up. Last error message was: 'Network Not Available' (default:unknown:0)
   216.082 - warning: QGeoTileRequestManager: Failed to fetch tile (68648,45889,17) 5 times, giving up. Last error message was: 'Network Not Available' (default:unknown:0)
   216.084 - warning: QGeoTileRequestManager: Failed to fetch tile (68649,45889,17) 5 times, giving up. Last error message was: 'Network Not Available' (default:unknown:0)
   216.087 - warning: QGeoTileRequestManager: Failed to fetch tile (68650,45889,17) 5 times, giving up. Last error message was: 'Network Not Available' (default:unknown:0)
   216.089 - warning: QGeoTileRequestManager: Failed to fetch tile (68651,45889,17) 5 times, giving up. Last error message was: 'Network Not Available' (default:unknown:0)
   216.090 - warning: QGeoTileRequestManager: Failed to fetch tile (68643,45890,17) 5 times, giving up. Last error message was: 'Network Not Available' (default:unknown:0)
   216.092 - warning: QGeoTileRequestManager: Failed to fetch tile (68644,45890,17) 5 times, giving up. Last error message was: 'Network Not Available' (default:unknown:0)
   216.095 - warning: QGeoTileRequestManager: Failed to fetch tile (68645,45890,17) 5 times, giving up. Last error message was: 'Network Not Available' (default:unknown:0)
   216.097 - warning: QGeoTileRequestManager: Failed to fetch tile (68646,45890,17) 5 times, giving up. Last error message was: 'Network Not Available' (default:unknown:0)
   216.099 - warning: QGeoTileRequestManager: Failed to fetch tile (68647,45890,17) 5 times, giving up. Last error message was: 'Network Not Available' (default:unknown:0)
   216.100 - warning: QGeoTileRequestManager: Failed to fetch tile (68648,45890,17) 5 times, giving up. Last error message was: 'Network Not Available' (default:unknown:0)
   216.103 - warning: QGeoTileRequestManager: Failed to fetch tile (68649,45890,17) 5 times, giving up. Last error message was: 'Network Not Available' (default:unknown:0)
   217.017 - warning: QGeoTileRequestManager: Failed to fetch tile (68650,45890,17) 5 times, giving up. Last error message was: 'Network Not Available' (default:unknown:0)
   217.017 - warning: QGeoTileRequestManager: Failed to fetch tile (68651,45890,17) 5 times, giving up. Last error message was: 'Network Not Available' (default:unknown:0)
   232.025 - warning: QGeoTileRequestManager: Failed to fetch tile (68643,45886,17) 5 times, giving up. Last error message was: 'Network Not Available' (default:unknown:0)
   232.025 - warning: QGeoTileRequestManager: Failed to fetch tile (68644,45886,17) 5 times, giving up. Last error message was: 'Network Not Available' (default:unknown:0)
   232.025 - warning: QGeoTileRequestManager: Failed to fetch tile (68645,45886,17) 5 times, giving up. Last error message was: 'Network Not Available' (default:unknown:0)
   232.025 - warning: QGeoTileRequestManager: Failed to fetch tile (68646,45886,17) 5 times, giving up. Last error message was: 'Network Not Available' (default:unknown:0)
   232.025 - warning: QGeoTileRequestManager: Failed to fetch tile (68647,45886,17) 5 times, giving up. Last error message was: 'Network Not Available' (default:unknown:0)
   232.025 - warning: QGeoTileRequestManager: Failed to fetch tile (68648,45886,17) 5 times, giving up. Last error message was: 'Network Not Available' (default:unknown:0)
   232.026 - warning: QGeoTileRequestManager: Failed to fetch tile (68649,45886,17) 5 times, giving up. Last error message was: 'Network Not Available' (default:unknown:0)
   232.026 - warning: QGeoTileRequestManager: Failed to fetch tile (68650,45886,17) 5 times, giving up. Last error message was: 'Network Not Available' (default:unknown:0)
   232.026 - warning: QGeoTileRequestManager: Failed to fetch tile (68651,45886,17) 5 times, giving up. Last error message was: 'Network Not Available' (default:unknown:0)
   232.026 - warning: QGeoTileRequestManager: Failed to fetch tile (68643,45887,17) 5 times, giving up. Last error message was: 'Network Not Available' (default:unknown:0)
   232.026 - warning: QGeoTileRequestManager: Failed to fetch tile (68644,45887,17) 5 times, giving up. Last error message was: 'Network Not Available' (default:unknown:0)
   232.026 - warning: QGeoTileRequestManager: Failed to fetch tile (68645,45887,17) 5 times, giving up. Last error message was: 'Network Not Available' (default:unknown:0)
   232.026 - warning: QGeoTileRequestManager: Failed to fetch tile (68646,45887,17) 5 times, giving up. Last error message was: 'Network Not Available' (default:unknown:0)
   232.026 - warning: QGeoTileRequestManager: Failed to fetch tile (68647,45887,17) 5 times, giving up. Last error message was: 'Network Not Available' (default:unknown:0)
   232.026 - warning: QGeoTileRequestManager: Failed to fetch tile (68648,45887,17) 5 times, giving up. Last error message was: 'Network Not Available' (default:unknown:0)
   232.027 - warning: QGeoTileRequestManager: Failed to fetch tile (68649,45887,17) 5 times, giving up. Last error message was: 'Network Not Available' (default:unknown:0)
   232.029 - warning: QGeoTileRequestManager: Failed to fetch tile (68650,45887,17) 5 times, giving up. Last error message was: 'Network Not Available' (default:unknown:0)
   232.030 - warning: QGeoTileRequestManager: Failed to fetch tile (68651,45887,17) 5 times, giving up. Last error message was: 'Network Not Available' (default:unknown:0)
   232.031 - warning: QGeoTileRequestManager: Failed to fetch tile (68643,45888,17) 5 times, giving up. Last error message was: 'Network Not Available' (default:unknown:0)
   232.032 - warning: QGeoTileRequestManager: Failed to fetch tile (68644,45888,17) 5 times, giving up. Last error message was: 'Network Not Available' (default:unknown:0)
   232.033 - warning: QGeoTileRequestManager: Failed to fetch tile (68645,45888,17) 5 times, giving up. Last error message was: 'Network Not Available' (default:unknown:0)
   232.035 - warning: QGeoTileRequestManager: Failed to fetch tile (68646,45888,17) 5 times, giving up. Last error message was: 'Network Not Available' (default:unknown:0)
   232.035 - warning: QGeoTileRequestManager: Failed to fetch tile (68647,45888,17) 5 times, giving up. Last error message was: 'Network Not Available' (default:unknown:0)
   232.036 - warning: QGeoTileRequestManager: Failed to fetch tile (68648,45888,17) 5 times, giving up. Last error message was: 'Network Not Available' (default:unknown:0)
   232.037 - warning: QGeoTileRequestManager: Failed to fetch tile (68649,45888,17) 5 times, giving up. Last error message was: 'Network Not Available' (default:unknown:0)
   232.037 - warning: QGeoTileRequestManager: Failed to fetch tile (68650,45888,17) 5 times, giving up. Last error message was: 'Network Not Available' (default:unknown:0)
   232.038 - warning: QGeoTileRequestManager: Failed to fetch tile (68651,45888,17) 5 times, giving up. Last error message was: 'Network Not Available' (default:unknown:0)
   232.039 - warning: QGeoTileRequestManager: Failed to fetch tile (68643,45889,17) 5 times, giving up. Last error message was: 'Network Not Available' (default:unknown:0)
   232.039 - warning: QGeoTileRequestManager: Failed to fetch tile (68644,45889,17) 5 times, giving up. Last error message was: 'Network Not Available' (default:unknown:0)
   232.040 - warning: QGeoTileRequestManager: Failed to fetch tile (68645,45889,17) 5 times, giving up. Last error message was: 'Network Not Available' (default:unknown:0)
   232.041 - warning: QGeoTileRequestManager: Failed to fetch tile (68646,45889,17) 5 times, giving up. Last error message was: 'Network Not Available' (default:unknown:0)
   232.041 - warning: QGeoTileRequestManager: Failed to fetch tile (68647,45889,17) 5 times, giving up. Last error message was: 'Network Not Available' (default:unknown:0)
   232.042 - warning: QGeoTileRequestManager: Failed to fetch tile (68648,45889,17) 5 times, giving up. Last error message was: 'Network Not Available' (default:unknown:0)
   232.042 - warning: QGeoTileRequestManager: Failed to fetch tile (68649,45889,17) 5 times, giving up. Last error message was: 'Network Not Available' (default:unknown:0)
   232.043 - warning: QGeoTileRequestManager: Failed to fetch tile (68650,45889,17) 5 times, giving up. Last error message was: 'Network Not Available' (default:unknown:0)
   232.044 - warning: QGeoTileRequestManager: Failed to fetch tile (68651,45889,17) 5 times, giving up. Last error message was: 'Network Not Available' (default:unknown:0)
   232.045 - warning: QGeoTileRequestManager: Failed to fetch tile (68643,45890,17) 5 times, giving up. Last error message was: 'Network Not Available' (default:unknown:0)
   232.046 - warning: QGeoTileRequestManager: Failed to fetch tile (68644,45890,17) 5 times, giving up. Last error message was: 'Network Not Available' (default:unknown:0)
   232.047 - warning: QGeoTileRequestManager: Failed to fetch tile (68645,45890,17) 5 times, giving up. Last error message was: 'Network Not Available' (default:unknown:0)
   232.047 - warning: QGeoTileRequestManager: Failed to fetch tile (68646,45890,17) 5 times, giving up. Last error message was: 'Network Not Available' (default:unknown:0)
   232.048 - warning: QGeoTileRequestManager: Failed to fetch tile (68647,45890,17) 5 times, giving up. Last error message was: 'Network Not Available' (default:unknown:0)
   232.048 - warning: QGeoTileRequestManager: Failed to fetch tile (68648,45890,17) 5 times, giving up. Last error message was: 'Network Not Available' (default:unknown:0)
   232.048 - warning: QGeoTileRequestManager: Failed to fetch tile (68649,45890,17) 5 times, giving up. Last error message was: 'Network Not Available' (default:unknown:0)
   233.038 - warning: QGeoTileRequestManager: Failed to fetch tile (68650,45890,17) 5 times, giving up. Last error message was: 'Network Not Available' (default:unknown:0)
   233.038 - warning: QGeoTileRequestManager: Failed to fetch tile (68651,45890,17) 5 times, giving up. Last error message was: 'Network Not Available' (default:unknown:0)
   248.016 - warning: QGeoTileRequestManager: Failed to fetch tile (68643,45886,17) 5 times, giving up. Last error message was: 'Network Not Available' (default:unknown:0)
   248.038 - warning: QGeoTileRequestManager: Failed to fetch tile (68644,45886,17) 5 times, giving up. Last error message was: 'Network Not Available' (default:unknown:0)
   248.038 - warning: QGeoTileRequestManager: Failed to fetch tile (68645,45886,17) 5 times, giving up. Last error message was: 'Network Not Available' (default:unknown:0)
   248.038 - warning: QGeoTileRequestManager: Failed to fetch tile (68646,45886,17) 5 times, giving up. Last error message was: 'Network Not Available' (default:unknown:0)
   248.038 - warning: QGeoTileRequestManager: Failed to fetch tile (68647,45886,17) 5 times, giving up. Last error message was: 'Network Not Available' (default:unknown:0)
   248.041 - warning: QGeoTileRequestManager: Failed to fetch tile (68648,45886,17) 5 times, giving up. Last error message was: 'Network Not Available' (default:unknown:0)
   248.047 - warning: QGeoTileRequestManager: Failed to fetch tile (68649,45886,17) 5 times, giving up. Last error message was: 'Network Not Available' (default:unknown:0)
   248.049 - warning: QGeoTileRequestManager: Failed to fetch tile (68650,45886,17) 5 times, giving up. Last error message was: 'Network Not Available' (default:unknown:0)
   248.052 - warning: QGeoTileRequestManager: Failed to fetch tile (68651,45886,17) 5 times, giving up. Last error message was: 'Network Not Available' (default:unknown:0)
   248.053 - warning: QGeoTileRequestManager: Failed to fetch tile (68643,45887,17) 5 times, giving up. Last error message was: 'Network Not Available' (default:unknown:0)
   248.054 - warning: QGeoTileRequestManager: Failed to fetch tile (68644,45887,17) 5 times, giving up. Last error message was: 'Network Not Available' (default:unknown:0)
   248.056 - warning: QGeoTileRequestManager: Failed to fetch tile (68645,45887,17) 5 times, giving up. Last error message was: 'Network Not Available' (default:unknown:0)
   248.058 - warning: QGeoTileRequestManager: Failed to fetch tile (68646,45887,17) 5 times, giving up. Last error message was: 'Network Not Available' (default:unknown:0)
   248.060 - warning: QGeoTileRequestManager: Failed to fetch tile (68647,45887,17) 5 times, giving up. Last error message was: 'Network Not Available' (default:unknown:0)
   248.062 - warning: QGeoTileRequestManager: Failed to fetch tile (68648,45887,17) 5 times, giving up. Last error message was: 'Network Not Available' (default:unknown:0)
   248.064 - warning: QGeoTileRequestManager: Failed to fetch tile (68649,45887,17) 5 times, giving up. Last error message was: 'Network Not Available' (default:unknown:0)
   248.067 - warning: QGeoTileRequestManager: Failed to fetch tile (68650,45887,17) 5 times, giving up. Last error message was: 'Network Not Available' (default:unknown:0)
   248.068 - warning: QGeoTileRequestManager: Failed to fetch tile (68651,45887,17) 5 times, giving up. Last error message was: 'Network Not Available' (default:unknown:0)
   248.070 - warning: QGeoTileRequestManager: Failed to fetch tile (68643,45888,17) 5 times, giving up. Last error message was: 'Network Not Available' (default:unknown:0)
   248.071 - warning: QGeoTileRequestManager: Failed to fetch tile (68644,45888,17) 5 times, giving up. Last error message was: 'Network Not Available' (default:unknown:0)
   248.072 - warning: QGeoTileRequestManager: Failed to fetch tile (68645,45888,17) 5 times, giving up. Last error message was: 'Network Not Available' (default:unknown:0)
   248.075 - warning: QGeoTileRequestManager: Failed to fetch tile (68646,45888,17) 5 times, giving up. Last error message was: 'Network Not Available' (default:unknown:0)
   248.076 - warning: QGeoTileRequestManager: Failed to fetch tile (68647,45888,17) 5 times, giving up. Last error message was: 'Network Not Available' (default:unknown:0)
   248.077 - warning: QGeoTileRequestManager: Failed to fetch tile (68648,45888,17) 5 times, giving up. Last error message was: 'Network Not Available' (default:unknown:0)
   248.078 - warning: QGeoTileRequestManager: Failed to fetch tile (68649,45888,17) 5 times, giving up. Last error message was: 'Network Not Available' (default:unknown:0)
   248.079 - warning: QGeoTileRequestManager: Failed to fetch tile (68650,45888,17) 5 times, giving up. Last error message was: 'Network Not Available' (default:unknown:0)
   248.082 - warning: QGeoTileRequestManager: Failed to fetch tile (68651,45888,17) 5 times, giving up. Last error message was: 'Network Not Available' (default:unknown:0)
   248.084 - warning: QGeoTileRequestManager: Failed to fetch tile (68643,45889,17) 5 times, giving up. Last error message was: 'Network Not Available' (default:unknown:0)
   248.085 - warning: QGeoTileRequestManager: Failed to fetch tile (68644,45889,17) 5 times, giving up. Last error message was: 'Network Not Available' (default:unknown:0)
   248.086 - warning: QGeoTileRequestManager: Failed to fetch tile (68645,45889,17) 5 times, giving up. Last error message was: 'Network Not Available' (default:unknown:0)
   248.088 - warning: QGeoTileRequestManager: Failed to fetch tile (68646,45889,17) 5 times, giving up. Last error message was: 'Network Not Available' (default:unknown:0)
   248.089 - warning: QGeoTileRequestManager: Failed to fetch tile (68647,45889,17) 5 times, giving up. Last error message was: 'Network Not Available' (default:unknown:0)
   248.091 - warning: QGeoTileRequestManager: Failed to fetch tile (68648,45889,17) 5 times, giving up. Last error message was: 'Network Not Available' (default:unknown:0)
   248.092 - warning: QGeoTileRequestManager: Failed to fetch tile (68649,45889,17) 5 times, giving up. Last error message was: 'Network Not Available' (default:unknown:0)
   248.094 - warning: QGeoTileRequestManager: Failed to fetch tile (68650,45889,17) 5 times, giving up. Last error message was: 'Network Not Available' (default:unknown:0)
   248.095 - warning: QGeoTileRequestManager: Failed to fetch tile (68651,45889,17) 5 times, giving up. Last error message was: 'Network Not Available' (default:unknown:0)
   248.096 - warning: QGeoTileRequestManager: Failed to fetch tile (68643,45890,17) 5 times, giving up. Last error message was: 'Network Not Available' (default:unknown:0)
   248.098 - warning: QGeoTileRequestManager: Failed to fetch tile (68644,45890,17) 5 times, giving up. Last error message was: 'Network Not Available' (default:unknown:0)
   248.099 - warning: QGeoTileRequestManager: Failed to fetch tile (68645,45890,17) 5 times, giving up. Last error message was: 'Network Not Available' (default:unknown:0)
   248.100 - warning: QGeoTileRequestManager: Failed to fetch tile (68646,45890,17) 5 times, giving up. Last error message was: 'Network Not Available' (default:unknown:0)
   248.101 - warning: QGeoTileRequestManager: Failed to fetch tile (68647,45890,17) 5 times, giving up. Last error message was: 'Network Not Available' (default:unknown:0)
   248.102 - warning: QGeoTileRequestManager: Failed to fetch tile (68648,45890,17) 5 times, giving up. Last error message was: 'Network Not Available' (default:unknown:0)
   248.103 - warning: QGeoTileRequestManager: Failed to fetch tile (68649,45890,17) 5 times, giving up. Last error message was: 'Network Not Available' (default:unknown:0)
   249.037 - warning: QGeoTileRequestManager: Failed to fetch tile (68650,45890,17) 5 times, giving up. Last error message was: 'Network Not Available' (default:unknown:0)
   249.037 - warning: QGeoTileRequestManager: Failed to fetch tile (68651,45890,17) 5 times, giving up. Last error message was: 'Network Not Available' (default:unknown:0)
   264.026 - warning: QGeoTileRequestManager: Failed to fetch tile (68643,45886,17) 5 times, giving up. Last error message was: 'Network Not Available' (default:unknown:0)
   264.028 - warning: QGeoTileRequestManager: Failed to fetch tile (68644,45886,17) 5 times, giving up. Last error message was: 'Network Not Available' (default:unknown:0)
   264.028 - warning: QGeoTileRequestManager: Failed to fetch tile (68645,45886,17) 5 times, giving up. Last error message was: 'Network Not Available' (default:unknown:0)
   264.028 - warning: QGeoTileRequestManager: Failed to fetch tile (68646,45886,17) 5 times, giving up. Last error message was: 'Network Not Available' (default:unknown:0)
   264.028 - warning: QGeoTileRequestManager: Failed to fetch tile (68647,45886,17) 5 times, giving up. Last error message was: 'Network Not Available' (default:unknown:0)
   264.028 - warning: QGeoTileRequestManager: Failed to fetch tile (68648,45886,17) 5 times, giving up. Last error message was: 'Network Not Available' (default:unknown:0)
   264.028 - warning: QGeoTileRequestManager: Failed to fetch tile (68649,45886,17) 5 times, giving up. Last error message was: 'Network Not Available' (default:unknown:0)
   264.028 - warning: QGeoTileRequestManager: Failed to fetch tile (68650,45886,17) 5 times, giving up. Last error message was: 'Network Not Available' (default:unknown:0)
   264.028 - warning: QGeoTileRequestManager: Failed to fetch tile (68651,45886,17) 5 times, giving up. Last error message was: 'Network Not Available' (default:unknown:0)
   264.030 - warning: QGeoTileRequestManager: Failed to fetch tile (68643,45887,17) 5 times, giving up. Last error message was: 'Network Not Available' (default:unknown:0)
   264.030 - warning: QGeoTileRequestManager: Failed to fetch tile (68644,45887,17) 5 times, giving up. Last error message was: 'Network Not Available' (default:unknown:0)
   264.030 - warning: QGeoTileRequestManager: Failed to fetch tile (68645,45887,17) 5 times, giving up. Last error message was: 'Network Not Available' (default:unknown:0)
   264.030 - warning: QGeoTileRequestManager: Failed to fetch tile (68646,45887,17) 5 times, giving up. Last error message was: 'Network Not Available' (default:unknown:0)
   264.032 - warning: QGeoTileRequestManager: Failed to fetch tile (68647,45887,17) 5 times, giving up. Last error message was: 'Network Not Available' (default:unknown:0)
   264.033 - warning: QGeoTileRequestManager: Failed to fetch tile (68648,45887,17) 5 times, giving up. Last error message was: 'Network Not Available' (default:unknown:0)
   264.034 - warning: QGeoTileRequestManager: Failed to fetch tile (68649,45887,17) 5 times, giving up. Last error message was: 'Network Not Available' (default:unknown:0)
   264.035 - warning: QGeoTileRequestManager: Failed to fetch tile (68650,45887,17) 5 times, giving up. Last error message was: 'Network Not Available' (default:unknown:0)
   264.035 - warning: QGeoTileRequestManager: Failed to fetch tile (68651,45887,17) 5 times, giving up. Last error message was: 'Network Not Available' (default:unknown:0)
   264.036 - warning: QGeoTileRequestManager: Failed to fetch tile (68643,45888,17) 5 times, giving up. Last error message was: 'Network Not Available' (default:unknown:0)
   264.037 - warning: QGeoTileRequestManager: Failed to fetch tile (68644,45888,17) 5 times, giving up. Last error message was: 'Network Not Available' (default:unknown:0)
   264.038 - warning: QGeoTileRequestManager: Failed to fetch tile (68645,45888,17) 5 times, giving up. Last error message was: 'Network Not Available' (default:unknown:0)
   264.038 - warning: QGeoTileRequestManager: Failed to fetch tile (68646,45888,17) 5 times, giving up. Last error message was: 'Network Not Available' (default:unknown:0)
   264.039 - warning: QGeoTileRequestManager: Failed to fetch tile (68647,45888,17) 5 times, giving up. Last error message was: 'Network Not Available' (default:unknown:0)
   264.040 - warning: QGeoTileRequestManager: Failed to fetch tile (68648,45888,17) 5 times, giving up. Last error message was: 'Network Not Available' (default:unknown:0)
   264.041 - warning: QGeoTileRequestManager: Failed to fetch tile (68649,45888,17) 5 times, giving up. Last error message was: 'Network Not Available' (default:unknown:0)
   264.042 - warning: QGeoTileRequestManager: Failed to fetch tile (68650,45888,17) 5 times, giving up. Last error message was: 'Network Not Available' (default:unknown:0)
   264.043 - warning: QGeoTileRequestManager: Failed to fetch tile (68651,45888,17) 5 times, giving up. Last error message was: 'Network Not Available' (default:unknown:0)
   264.044 - warning: QGeoTileRequestManager: Failed to fetch tile (68643,45889,17) 5 times, giving up. Last error message was: 'Network Not Available' (default:unknown:0)
   264.046 - warning: QGeoTileRequestManager: Failed to fetch tile (68644,45889,17) 5 times, giving up. Last error message was: 'Network Not Available' (default:unknown:0)
   264.047 - warning: QGeoTileRequestManager: Failed to fetch tile (68645,45889,17) 5 times, giving up. Last error message was: 'Network Not Available' (default:unknown:0)
   264.048 - warning: QGeoTileRequestManager: Failed to fetch tile (68646,45889,17) 5 times, giving up. Last error message was: 'Network Not Available' (default:unknown:0)
   264.050 - warning: QGeoTileRequestManager: Failed to fetch tile (68647,45889,17) 5 times, giving up. Last error message was: 'Network Not Available' (default:unknown:0)
   264.051 - warning: QGeoTileRequestManager: Failed to fetch tile (68648,45889,17) 5 times, giving up. Last error message was: 'Network Not Available' (default:unknown:0)
   264.052 - warning: QGeoTileRequestManager: Failed to fetch tile (68649,45889,17) 5 times, giving up. Last error message was: 'Network Not Available' (default:unknown:0)
   264.054 - warning: QGeoTileRequestManager: Failed to fetch tile (68650,45889,17) 5 times, giving up. Last error message was: 'Network Not Available' (default:unknown:0)
   264.055 - warning: QGeoTileRequestManager: Failed to fetch tile (68651,45889,17) 5 times, giving up. Last error message was: 'Network Not Available' (default:unknown:0)
   264.056 - warning: QGeoTileRequestManager: Failed to fetch tile (68643,45890,17) 5 times, giving up. Last error message was: 'Network Not Available' (default:unknown:0)
   264.057 - warning: QGeoTileRequestManager: Failed to fetch tile (68644,45890,17) 5 times, giving up. Last error message was: 'Network Not Available' (default:unknown:0)
   264.057 - warning: QGeoTileRequestManager: Failed to fetch tile (68645,45890,17) 5 times, giving up. Last error message was: 'Network Not Available' (default:unknown:0)
   264.058 - warning: QGeoTileRequestManager: Failed to fetch tile (68646,45890,17) 5 times, giving up. Last error message was: 'Network Not Available' (default:unknown:0)
   264.059 - warning: QGeoTileRequestManager: Failed to fetch tile (68647,45890,17) 5 times, giving up. Last error message was: 'Network Not Available' (default:unknown:0)
   264.059 - warning: QGeoTileRequestManager: Failed to fetch tile (68648,45890,17) 5 times, giving up. Last error message was: 'Network Not Available' (default:unknown:0)
   264.060 - warning: QGeoTileRequestManager: Failed to fetch tile (68649,45890,17) 5 times, giving up. Last error message was: 'Network Not Available' (default:unknown:0)
   265.017 - warning: QGeoTileRequestManager: Failed to fetch tile (68650,45890,17) 5 times, giving up. Last error message was: 'Network Not Available' (default:unknown:0)
   265.017 - warning: QGeoTileRequestManager: Failed to fetch tile (68651,45890,17) 5 times, giving up. Last error message was: 'Network Not Available' (default:unknown:0)
   280.037 - warning: QGeoTileRequestManager: Failed to fetch tile (68643,45886,17) 5 times, giving up. Last error message was: 'Network Not Available' (default:unknown:0)
   280.039 - warning: QGeoTileRequestManager: Failed to fetch tile (68644,45886,17) 5 times, giving up. Last error message was: 'Network Not Available' (default:unknown:0)
   280.039 - warning: QGeoTileRequestManager: Failed to fetch tile (68645,45886,17) 5 times, giving up. Last error message was: 'Network Not Available' (default:unknown:0)
   280.039 - warning: QGeoTileRequestManager: Failed to fetch tile (68646,45886,17) 5 times, giving up. Last error message was: 'Network Not Available' (default:unknown:0)
   280.039 - warning: QGeoTileRequestManager: Failed to fetch tile (68647,45886,17) 5 times, giving up. Last error message was: 'Network Not Available' (default:unknown:0)
   280.039 - warning: QGeoTileRequestManager: Failed to fetch tile (68648,45886,17) 5 times, giving up. Last error message was: 'Network Not Available' (default:unknown:0)
   280.039 - warning: QGeoTileRequestManager: Failed to fetch tile (68649,45886,17) 5 times, giving up. Last error message was: 'Network Not Available' (default:unknown:0)
   280.039 - warning: QGeoTileRequestManager: Failed to fetch tile (68650,45886,17) 5 times, giving up. Last error message was: 'Network Not Available' (default:unknown:0)
   280.039 - warning: QGeoTileRequestManager: Failed to fetch tile (68651,45886,17) 5 times, giving up. Last error message was: 'Network Not Available' (default:unknown:0)
   280.039 - warning: QGeoTileRequestManager: Failed to fetch tile (68643,45887,17) 5 times, giving up. Last error message was: 'Network Not Available' (default:unknown:0)
   280.039 - warning: QGeoTileRequestManager: Failed to fetch tile (68644,45887,17) 5 times, giving up. Last error message was: 'Network Not Available' (default:unknown:0)
   280.040 - warning: QGeoTileRequestManager: Failed to fetch tile (68645,45887,17) 5 times, giving up. Last error message was: 'Network Not Available' (default:unknown:0)
   280.041 - warning: QGeoTileRequestManager: Failed to fetch tile (68646,45887,17) 5 times, giving up. Last error message was: 'Network Not Available' (default:unknown:0)
   280.043 - warning: QGeoTileRequestManager: Failed to fetch tile (68647,45887,17) 5 times, giving up. Last error message was: 'Network Not Available' (default:unknown:0)
   280.044 - warning: QGeoTileRequestManager: Failed to fetch tile (68648,45887,17) 5 times, giving up. Last error message was: 'Network Not Available' (default:unknown:0)
   280.046 - warning: QGeoTileRequestManager: Failed to fetch tile (68649,45887,17) 5 times, giving up. Last error message was: 'Network Not Available' (default:unknown:0)
   280.048 - warning: QGeoTileRequestManager: Failed to fetch tile (68650,45887,17) 5 times, giving up. Last error message was: 'Network Not Available' (default:unknown:0)
   280.051 - warning: QGeoTileRequestManager: Failed to fetch tile (68651,45887,17) 5 times, giving up. Last error message was: 'Network Not Available' (default:unknown:0)
   280.053 - warning: QGeoTileRequestManager: Failed to fetch tile (68643,45888,17) 5 times, giving up. Last error message was: 'Network Not Available' (default:unknown:0)
   280.055 - warning: QGeoTileRequestManager: Failed to fetch tile (68644,45888,17) 5 times, giving up. Last error message was: 'Network Not Available' (default:unknown:0)
   280.056 - warning: QGeoTileRequestManager: Failed to fetch tile (68645,45888,17) 5 times, giving up. Last error message was: 'Network Not Available' (default:unknown:0)
   280.058 - warning: QGeoTileRequestManager: Failed to fetch tile (68646,45888,17) 5 times, giving up. Last error message was: 'Network Not Available' (default:unknown:0)
   280.059 - warning: QGeoTileRequestManager: Failed to fetch tile (68647,45888,17) 5 times, giving up. Last error message was: 'Network Not Available' (default:unknown:0)
   280.060 - warning: QGeoTileRequestManager: Failed to fetch tile (68648,45888,17) 5 times, giving up. Last error message was: 'Network Not Available' (default:unknown:0)
   280.062 - warning: QGeoTileRequestManager: Failed to fetch tile (68649,45888,17) 5 times, giving up. Last error message was: 'Network Not Available' (default:unknown:0)
   280.063 - warning: QGeoTileRequestManager: Failed to fetch tile (68650,45888,17) 5 times, giving up. Last error message was: 'Network Not Available' (default:unknown:0)
   280.066 - warning: QGeoTileRequestManager: Failed to fetch tile (68651,45888,17) 5 times, giving up. Last error message was: 'Network Not Available' (default:unknown:0)
   280.067 - warning: QGeoTileRequestManager: Failed to fetch tile (68643,45889,17) 5 times, giving up. Last error message was: 'Network Not Available' (default:unknown:0)
   280.069 - warning: QGeoTileRequestManager: Failed to fetch tile (68644,45889,17) 5 times, giving up. Last error message was: 'Network Not Available' (default:unknown:0)
   280.072 - warning: QGeoTileRequestManager: Failed to fetch tile (68645,45889,17) 5 times, giving up. Last error message was: 'Network Not Available' (default:unknown:0)
   280.074 - warning: QGeoTileRequestManager: Failed to fetch tile (68646,45889,17) 5 times, giving up. Last error message was: 'Network Not Available' (default:unknown:0)
   280.075 - warning: QGeoTileRequestManager: Failed to fetch tile (68647,45889,17) 5 times, giving up. Last error message was: 'Network Not Available' (default:unknown:0)
   280.077 - warning: QGeoTileRequestManager: Failed to fetch tile (68648,45889,17) 5 times, giving up. Last error message was: 'Network Not Available' (default:unknown:0)
   280.078 - warning: QGeoTileRequestManager: Failed to fetch tile (68649,45889,17) 5 times, giving up. Last error message was: 'Network Not Available' (default:unknown:0)
   280.079 - warning: QGeoTileRequestManager: Failed to fetch tile (68650,45889,17) 5 times, giving up. Last error message was: 'Network Not Available' (default:unknown:0)
   280.081 - warning: QGeoTileRequestManager: Failed to fetch tile (68651,45889,17) 5 times, giving up. Last error message was: 'Network Not Available' (default:unknown:0)
   280.083 - warning: QGeoTileRequestManager: Failed to fetch tile (68643,45890,17) 5 times, giving up. Last error message was: 'Network Not Available' (default:unknown:0)
   280.085 - warning: QGeoTileRequestManager: Failed to fetch tile (68644,45890,17) 5 times, giving up. Last error message was: 'Network Not Available' (default:unknown:0)
   280.086 - warning: QGeoTileRequestManager: Failed to fetch tile (68645,45890,17) 5 times, giving up. Last error message was: 'Network Not Available' (default:unknown:0)
   280.087 - warning: QGeoTileRequestManager: Failed to fetch tile (68646,45890,17) 5 times, giving up. Last error message was: 'Network Not Available' (default:unknown:0)
   280.088 - warning: QGeoTileRequestManager: Failed to fetch tile (68647,45890,17) 5 times, giving up. Last error message was: 'Network Not Available' (default:unknown:0)
   280.089 - warning: QGeoTileRequestManager: Failed to fetch tile (68648,45890,17) 5 times, giving up. Last error message was: 'Network Not Available' (default:unknown:0)
   280.089 - warning: QGeoTileRequestManager: Failed to fetch tile (68649,45890,17) 5 times, giving up. Last error message was: 'Network Not Available' (default:unknown:0)
   281.020 - warning: QGeoTileRequestManager: Failed to fetch tile (68650,45890,17) 5 times, giving up. Last error message was: 'Network Not Available' (default:unknown:0)
   281.021 - warning: QGeoTileRequestManager: Failed to fetch tile (68651,45890,17) 5 times, giving up. Last error message was: 'Network Not Available' (default:unknown:0)
   296.022 - warning: QGeoTileRequestManager: Failed to fetch tile (68643,45886,17) 5 times, giving up. Last error message was: 'Network Not Available' (default:unknown:0)
   296.023 - warning: QGeoTileRequestManager: Failed to fetch tile (68644,45886,17) 5 times, giving up. Last error message was: 'Network Not Available' (default:unknown:0)
   296.023 - warning: QGeoTileRequestManager: Failed to fetch tile (68645,45886,17) 5 times, giving up. Last error message was: 'Network Not Available' (default:unknown:0)
   296.023 - warning: QGeoTileRequestManager: Failed to fetch tile (68646,45886,17) 5 times, giving up. Last error message was: 'Network Not Available' (default:unknown:0)
   296.023 - warning: QGeoTileRequestManager: Failed to fetch tile (68647,45886,17) 5 times, giving up. Last error message was: 'Network Not Available' (default:unknown:0)
   296.023 - warning: QGeoTileRequestManager: Failed to fetch tile (68648,45886,17) 5 times, giving up. Last error message was: 'Network Not Available' (default:unknown:0)
   296.023 - warning: QGeoTileRequestManager: Failed to fetch tile (68649,45886,17) 5 times, giving up. Last error message was: 'Network Not Available' (default:unknown:0)
   296.023 - warning: QGeoTileRequestManager: Failed to fetch tile (68650,45886,17) 5 times, giving up. Last error message was: 'Network Not Available' (default:unknown:0)
   296.023 - warning: QGeoTileRequestManager: Failed to fetch tile (68651,45886,17) 5 times, giving up. Last error message was: 'Network Not Available' (default:unknown:0)
   296.023 - warning: QGeoTileRequestManager: Failed to fetch tile (68643,45887,17) 5 times, giving up. Last error message was: 'Network Not Available' (default:unknown:0)
   296.023 - warning: QGeoTileRequestManager: Failed to fetch tile (68644,45887,17) 5 times, giving up. Last error message was: 'Network Not Available' (default:unknown:0)
   296.023 - warning: QGeoTileRequestManager: Failed to fetch tile (68645,45887,17) 5 times, giving up. Last error message was: 'Network Not Available' (default:unknown:0)
   296.024 - warning: QGeoTileRequestManager: Failed to fetch tile (68646,45887,17) 5 times, giving up. Last error message was: 'Network Not Available' (default:unknown:0)
   296.024 - warning: QGeoTileRequestManager: Failed to fetch tile (68647,45887,17) 5 times, giving up. Last error message was: 'Network Not Available' (default:unknown:0)
   296.024 - warning: QGeoTileRequestManager: Failed to fetch tile (68648,45887,17) 5 times, giving up. Last error message was: 'Network Not Available' (default:unknown:0)
   296.025 - warning: QGeoTileRequestManager: Failed to fetch tile (68649,45887,17) 5 times, giving up. Last error message was: 'Network Not Available' (default:unknown:0)
   296.026 - warning: QGeoTileRequestManager: Failed to fetch tile (68650,45887,17) 5 times, giving up. Last error message was: 'Network Not Available' (default:unknown:0)
   296.026 - warning: QGeoTileRequestManager: Failed to fetch tile (68651,45887,17) 5 times, giving up. Last error message was: 'Network Not Available' (default:unknown:0)
   296.027 - warning: QGeoTileRequestManager: Failed to fetch tile (68643,45888,17) 5 times, giving up. Last error message was: 'Network Not Available' (default:unknown:0)
   296.028 - warning: QGeoTileRequestManager: Failed to fetch tile (68644,45888,17) 5 times, giving up. Last error message was: 'Network Not Available' (default:unknown:0)
   296.029 - warning: QGeoTileRequestManager: Failed to fetch tile (68645,45888,17) 5 times, giving up. Last error message was: 'Network Not Available' (default:unknown:0)
   296.030 - warning: QGeoTileRequestManager: Failed to fetch tile (68646,45888,17) 5 times, giving up. Last error message was: 'Network Not Available' (default:unknown:0)
   296.030 - warning: QGeoTileRequestManager: Failed to fetch tile (68647,45888,17) 5 times, giving up. Last error message was: 'Network Not Available' (default:unknown:0)
   296.031 - warning: QGeoTileRequestManager: Failed to fetch tile (68648,45888,17) 5 times, giving up. Last error message was: 'Network Not Available' (default:unknown:0)
   296.032 - warning: QGeoTileRequestManager: Failed to fetch tile (68649,45888,17) 5 times, giving up. Last error message was: 'Network Not Available' (default:unknown:0)
   296.034 - warning: QGeoTileRequestManager: Failed to fetch tile (68650,45888,17) 5 times, giving up. Last error message was: 'Network Not Available' (default:unknown:0)
   296.035 - warning: QGeoTileRequestManager: Failed to fetch tile (68651,45888,17) 5 times, giving up. Last error message was: 'Network Not Available' (default:unknown:0)
   296.036 - warning: QGeoTileRequestManager: Failed to fetch tile (68643,45889,17) 5 times, giving up. Last error message was: 'Network Not Available' (default:unknown:0)
   296.037 - warning: QGeoTileRequestManager: Failed to fetch tile (68644,45889,17) 5 times, giving up. Last error message was: 'Network Not Available' (default:unknown:0)
   296.037 - warning: QGeoTileRequestManager: Failed to fetch tile (68645,45889,17) 5 times, giving up. Last error message was: 'Network Not Available' (default:unknown:0)
   296.038 - warning: QGeoTileRequestManager: Failed to fetch tile (68646,45889,17) 5 times, giving up. Last error message was: 'Network Not Available' (default:unknown:0)
   296.038 - warning: QGeoTileRequestManager: Failed to fetch tile (68647,45889,17) 5 times, giving up. Last error message was: 'Network Not Available' (default:unknown:0)
   296.039 - warning: QGeoTileRequestManager: Failed to fetch tile (68648,45889,17) 5 times, giving up. Last error message was: 'Network Not Available' (default:unknown:0)
   296.040 - warning: QGeoTileRequestManager: Failed to fetch tile (68649,45889,17) 5 times, giving up. Last error message was: 'Network Not Available' (default:unknown:0)
   296.041 - warning: QGeoTileRequestManager: Failed to fetch tile (68650,45889,17) 5 times, giving up. Last error message was: 'Network Not Available' (default:unknown:0)
   296.041 - warning: QGeoTileRequestManager: Failed to fetch tile (68651,45889,17) 5 times, giving up. Last error message was: 'Network Not Available' (default:unknown:0)
   296.042 - warning: QGeoTileRequestManager: Failed to fetch tile (68643,45890,17) 5 times, giving up. Last error message was: 'Network Not Available' (default:unknown:0)
   296.042 - warning: QGeoTileRequestManager: Failed to fetch tile (68644,45890,17) 5 times, giving up. Last error message was: 'Network Not Available' (default:unknown:0)
   296.043 - warning: QGeoTileRequestManager: Failed to fetch tile (68645,45890,17) 5 times, giving up. Last error message was: 'Network Not Available' (default:unknown:0)
   296.044 - warning: QGeoTileRequestManager: Failed to fetch tile (68646,45890,17) 5 times, giving up. Last error message was: 'Network Not Available' (default:unknown:0)
   296.045 - warning: QGeoTileRequestManager: Failed to fetch tile (68647,45890,17) 5 times, giving up. Last error message was: 'Network Not Available' (default:unknown:0)
   296.045 - warning: QGeoTileRequestManager: Failed to fetch tile (68648,45890,17) 5 times, giving up. Last error message was: 'Network Not Available' (default:unknown:0)
   296.046 - warning: QGeoTileRequestManager: Failed to fetch tile (68649,45890,17) 5 times, giving up. Last error message was: 'Network Not Available' (default:unknown:0)
   297.014 - warning: QGeoTileRequestManager: Failed to fetch tile (68650,45890,17) 5 times, giving up. Last error message was: 'Network Not Available' (default:unknown:0)
   297.015 - warning: QGeoTileRequestManager: Failed to fetch tile (68651,45890,17) 5 times, giving up. Last error message was: 'Network Not Available' (default:unknown:0)
   312.015 - warning: QGeoTileRequestManager: Failed to fetch tile (68643,45886,17) 5 times, giving up. Last error message was: 'Network Not Available' (default:unknown:0)
   312.015 - warning: QGeoTileRequestManager: Failed to fetch tile (68644,45886,17) 5 times, giving up. Last error message was: 'Network Not Available' (default:unknown:0)
   312.015 - warning: QGeoTileRequestManager: Failed to fetch tile (68645,45886,17) 5 times, giving up. Last error message was: 'Network Not Available' (default:unknown:0)
   312.022 - warning: QGeoTileRequestManager: Failed to fetch tile (68646,45886,17) 5 times, giving up. Last error message was: 'Network Not Available' (default:unknown:0)
   312.023 - warning: QGeoTileRequestManager: Failed to fetch tile (68647,45886,17) 5 times, giving up. Last error message was: 'Network Not Available' (default:unknown:0)
   312.023 - warning: QGeoTileRequestManager: Failed to fetch tile (68648,45886,17) 5 times, giving up. Last error message was: 'Network Not Available' (default:unknown:0)
   312.023 - warning: QGeoTileRequestManager: Failed to fetch tile (68649,45886,17) 5 times, giving up. Last error message was: 'Network Not Available' (default:unknown:0)
   312.023 - warning: QGeoTileRequestManager: Failed to fetch tile (68650,45886,17) 5 times, giving up. Last error message was: 'Network Not Available' (default:unknown:0)
   312.024 - warning: QGeoTileRequestManager: Failed to fetch tile (68651,45886,17) 5 times, giving up. Last error message was: 'Network Not Available' (default:unknown:0)
   312.026 - warning: QGeoTileRequestManager: Failed to fetch tile (68643,45887,17) 5 times, giving up. Last error message was: 'Network Not Available' (default:unknown:0)
   312.027 - warning: QGeoTileRequestManager: Failed to fetch tile (68644,45887,17) 5 times, giving up. Last error message was: 'Network Not Available' (default:unknown:0)
   312.029 - warning: QGeoTileRequestManager: Failed to fetch tile (68645,45887,17) 5 times, giving up. Last error message was: 'Network Not Available' (default:unknown:0)
   312.030 - warning: QGeoTileRequestManager: Failed to fetch tile (68646,45887,17) 5 times, giving up. Last error message was: 'Network Not Available' (default:unknown:0)
   312.031 - warning: QGeoTileRequestManager: Failed to fetch tile (68647,45887,17) 5 times, giving up. Last error message was: 'Network Not Available' (default:unknown:0)
   312.032 - warning: QGeoTileRequestManager: Failed to fetch tile (68648,45887,17) 5 times, giving up. Last error message was: 'Network Not Available' (default:unknown:0)
   312.033 - warning: QGeoTileRequestManager: Failed to fetch tile (68649,45887,17) 5 times, giving up. Last error message was: 'Network Not Available' (default:unknown:0)
   312.034 - warning: QGeoTileRequestManager: Failed to fetch tile (68650,45887,17) 5 times, giving up. Last error message was: 'Network Not Available' (default:unknown:0)
   312.035 - warning: QGeoTileRequestManager: Failed to fetch tile (68651,45887,17) 5 times, giving up. Last error message was: 'Network Not Available' (default:unknown:0)
   312.036 - warning: QGeoTileRequestManager: Failed to fetch tile (68643,45888,17) 5 times, giving up. Last error message was: 'Network Not Available' (default:unknown:0)
   312.036 - warning: QGeoTileRequestManager: Failed to fetch tile (68644,45888,17) 5 times, giving up. Last error message was: 'Network Not Available' (default:unknown:0)
   312.037 - warning: QGeoTileRequestManager: Failed to fetch tile (68645,45888,17) 5 times, giving up. Last error message was: 'Network Not Available' (default:unknown:0)
   312.038 - warning: QGeoTileRequestManager: Failed to fetch tile (68646,45888,17) 5 times, giving up. Last error message was: 'Network Not Available' (default:unknown:0)
   312.039 - warning: QGeoTileRequestManager: Failed to fetch tile (68647,45888,17) 5 times, giving up. Last error message was: 'Network Not Available' (default:unknown:0)
   312.040 - warning: QGeoTileRequestManager: Failed to fetch tile (68648,45888,17) 5 times, giving up. Last error message was: 'Network Not Available' (default:unknown:0)
   312.041 - warning: QGeoTileRequestManager: Failed to fetch tile (68649,45888,17) 5 times, giving up. Last error message was: 'Network Not Available' (default:unknown:0)
   312.042 - warning: QGeoTileRequestManager: Failed to fetch tile (68650,45888,17) 5 times, giving up. Last error message was: 'Network Not Available' (default:unknown:0)
   312.043 - warning: QGeoTileRequestManager: Failed to fetch tile (68651,45888,17) 5 times, giving up. Last error message was: 'Network Not Available' (default:unknown:0)
   312.045 - warning: QGeoTileRequestManager: Failed to fetch tile (68643,45889,17) 5 times, giving up. Last error message was: 'Network Not Available' (default:unknown:0)
   312.046 - warning: QGeoTileRequestManager: Failed to fetch tile (68644,45889,17) 5 times, giving up. Last error message was: 'Network Not Available' (default:unknown:0)
   312.047 - warning: QGeoTileRequestManager: Failed to fetch tile (68645,45889,17) 5 times, giving up. Last error message was: 'Network Not Available' (default:unknown:0)
   312.048 - warning: QGeoTileRequestManager: Failed to fetch tile (68646,45889,17) 5 times, giving up. Last error message was: 'Network Not Available' (default:unknown:0)
   312.049 - warning: QGeoTileRequestManager: Failed to fetch tile (68647,45889,17) 5 times, giving up. Last error message was: 'Network Not Available' (default:unknown:0)
   312.050 - warning: QGeoTileRequestManager: Failed to fetch tile (68648,45889,17) 5 times, giving up. Last error message was: 'Network Not Available' (default:unknown:0)
   312.050 - warning: QGeoTileRequestManager: Failed to fetch tile (68649,45889,17) 5 times, giving up. Last error message was: 'Network Not Available' (default:unknown:0)
   312.051 - warning: QGeoTileRequestManager: Failed to fetch tile (68650,45889,17) 5 times, giving up. Last error message was: 'Network Not Available' (default:unknown:0)
   312.052 - warning: QGeoTileRequestManager: Failed to fetch tile (68651,45889,17) 5 times, giving up. Last error message was: 'Network Not Available' (default:unknown:0)
   312.053 - warning: QGeoTileRequestManager: Failed to fetch tile (68643,45890,17) 5 times, giving up. Last error message was: 'Network Not Available' (default:unknown:0)
   312.054 - warning: QGeoTileRequestManager: Failed to fetch tile (68644,45890,17) 5 times, giving up. Last error message was: 'Network Not Available' (default:unknown:0)
   312.054 - warning: QGeoTileRequestManager: Failed to fetch tile (68645,45890,17) 5 times, giving up. Last error message was: 'Network Not Available' (default:unknown:0)
   312.055 - warning: QGeoTileRequestManager: Failed to fetch tile (68646,45890,17) 5 times, giving up. Last error message was: 'Network Not Available' (default:unknown:0)
   312.055 - warning: QGeoTileRequestManager: Failed to fetch tile (68647,45890,17) 5 times, giving up. Last error message was: 'Network Not Available' (default:unknown:0)
   312.055 - warning: QGeoTileRequestManager: Failed to fetch tile (68648,45890,17) 5 times, giving up. Last error message was: 'Network Not Available' (default:unknown:0)
   312.056 - warning: QGeoTileRequestManager: Failed to fetch tile (68649,45890,17) 5 times, giving up. Last error message was: 'Network Not Available' (default:unknown:0)
   313.007 - warning: QGeoTileRequestManager: Failed to fetch tile (68650,45890,17) 5 times, giving up. Last error message was: 'Network Not Available' (default:unknown:0)
   313.007 - warning: QGeoTileRequestManager: Failed to fetch tile (68651,45890,17) 5 times, giving up. Last error message was: 'Network Not Available' (default:unknown:0)
   328.028 - warning: QGeoTileRequestManager: Failed to fetch tile (68643,45886,17) 5 times, giving up. Last error message was: 'Network Not Available' (default:unknown:0)
   328.030 - warning: QGeoTileRequestManager: Failed to fetch tile (68644,45886,17) 5 times, giving up. Last error message was: 'Network Not Available' (default:unknown:0)
   328.030 - warning: QGeoTileRequestManager: Failed to fetch tile (68645,45886,17) 5 times, giving up. Last error message was: 'Network Not Available' (default:unknown:0)
   328.030 - warning: QGeoTileRequestManager: Failed to fetch tile (68646,45886,17) 5 times, giving up. Last error message was: 'Network Not Available' (default:unknown:0)
   328.030 - warning: QGeoTileRequestManager: Failed to fetch tile (68647,45886,17) 5 times, giving up. Last error message was: 'Network Not Available' (default:unknown:0)
   328.030 - warning: QGeoTileRequestManager: Failed to fetch tile (68648,45886,17) 5 times, giving up. Last error message was: 'Network Not Available' (default:unknown:0)
   328.030 - warning: QGeoTileRequestManager: Failed to fetch tile (68649,45886,17) 5 times, giving up. Last error message was: 'Network Not Available' (default:unknown:0)
   328.030 - warning: QGeoTileRequestManager: Failed to fetch tile (68650,45886,17) 5 times, giving up. Last error message was: 'Network Not Available' (default:unknown:0)
   328.030 - warning: QGeoTileRequestManager: Failed to fetch tile (68651,45886,17) 5 times, giving up. Last error message was: 'Network Not Available' (default:unknown:0)
   328.030 - warning: QGeoTileRequestManager: Failed to fetch tile (68643,45887,17) 5 times, giving up. Last error message was: 'Network Not Available' (default:unknown:0)
   328.031 - warning: QGeoTileRequestManager: Failed to fetch tile (68644,45887,17) 5 times, giving up. Last error message was: 'Network Not Available' (default:unknown:0)
   328.031 - warning: QGeoTileRequestManager: Failed to fetch tile (68645,45887,17) 5 times, giving up. Last error message was: 'Network Not Available' (default:unknown:0)
   328.031 - warning: QGeoTileRequestManager: Failed to fetch tile (68646,45887,17) 5 times, giving up. Last error message was: 'Network Not Available' (default:unknown:0)
   328.031 - warning: QGeoTileRequestManager: Failed to fetch tile (68647,45887,17) 5 times, giving up. Last error message was: 'Network Not Available' (default:unknown:0)
   328.032 - warning: QGeoTileRequestManager: Failed to fetch tile (68648,45887,17) 5 times, giving up. Last error message was: 'Network Not Available' (default:unknown:0)
   328.033 - warning: QGeoTileRequestManager: Failed to fetch tile (68649,45887,17) 5 times, giving up. Last error message was: 'Network Not Available' (default:unknown:0)
   328.034 - warning: QGeoTileRequestManager: Failed to fetch tile (68650,45887,17) 5 times, giving up. Last error message was: 'Network Not Available' (default:unknown:0)
   328.035 - warning: QGeoTileRequestManager: Failed to fetch tile (68651,45887,17) 5 times, giving up. Last error message was: 'Network Not Available' (default:unknown:0)
   328.036 - warning: QGeoTileRequestManager: Failed to fetch tile (68643,45888,17) 5 times, giving up. Last error message was: 'Network Not Available' (default:unknown:0)
   328.039 - warning: QGeoTileRequestManager: Failed to fetch tile (68644,45888,17) 5 times, giving up. Last error message was: 'Network Not Available' (default:unknown:0)
   328.040 - warning: QGeoTileRequestManager: Failed to fetch tile (68645,45888,17) 5 times, giving up. Last error message was: 'Network Not Available' (default:unknown:0)
   328.044 - warning: QGeoTileRequestManager: Failed to fetch tile (68646,45888,17) 5 times, giving up. Last error message was: 'Network Not Available' (default:unknown:0)
   328.046 - warning: QGeoTileRequestManager: Failed to fetch tile (68647,45888,17) 5 times, giving up. Last error message was: 'Network Not Available' (default:unknown:0)
   328.047 - warning: QGeoTileRequestManager: Failed to fetch tile (68648,45888,17) 5 times, giving up. Last error message was: 'Network Not Available' (default:unknown:0)
   328.048 - warning: QGeoTileRequestManager: Failed to fetch tile (68649,45888,17) 5 times, giving up. Last error message was: 'Network Not Available' (default:unknown:0)
   328.050 - warning: QGeoTileRequestManager: Failed to fetch tile (68650,45888,17) 5 times, giving up. Last error message was: 'Network Not Available' (default:unknown:0)
   328.050 - warning: QGeoTileRequestManager: Failed to fetch tile (68651,45888,17) 5 times, giving up. Last error message was: 'Network Not Available' (default:unknown:0)
   328.052 - warning: QGeoTileRequestManager: Failed to fetch tile (68643,45889,17) 5 times, giving up. Last error message was: 'Network Not Available' (default:unknown:0)
   328.054 - warning: QGeoTileRequestManager: Failed to fetch tile (68644,45889,17) 5 times, giving up. Last error message was: 'Network Not Available' (default:unknown:0)
   328.055 - warning: QGeoTileRequestManager: Failed to fetch tile (68645,45889,17) 5 times, giving up. Last error message was: 'Network Not Available' (default:unknown:0)
   328.057 - warning: QGeoTileRequestManager: Failed to fetch tile (68646,45889,17) 5 times, giving up. Last error message was: 'Network Not Available' (default:unknown:0)
   328.058 - warning: QGeoTileRequestManager: Failed to fetch tile (68647,45889,17) 5 times, giving up. Last error message was: 'Network Not Available' (default:unknown:0)
   328.059 - warning: QGeoTileRequestManager: Failed to fetch tile (68648,45889,17) 5 times, giving up. Last error message was: 'Network Not Available' (default:unknown:0)
   328.060 - warning: QGeoTileRequestManager: Failed to fetch tile (68649,45889,17) 5 times, giving up. Last error message was: 'Network Not Available' (default:unknown:0)
   328.063 - warning: QGeoTileRequestManager: Failed to fetch tile (68650,45889,17) 5 times, giving up. Last error message was: 'Network Not Available' (default:unknown:0)
   328.065 - warning: QGeoTileRequestManager: Failed to fetch tile (68651,45889,17) 5 times, giving up. Last error message was: 'Network Not Available' (default:unknown:0)
   328.067 - warning: QGeoTileRequestManager: Failed to fetch tile (68643,45890,17) 5 times, giving up. Last error message was: 'Network Not Available' (default:unknown:0)
   328.069 - warning: QGeoTileRequestManager: Failed to fetch tile (68644,45890,17) 5 times, giving up. Last error message was: 'Network Not Available' (default:unknown:0)
   328.071 - warning: QGeoTileRequestManager: Failed to fetch tile (68645,45890,17) 5 times, giving up. Last error message was: 'Network Not Available' (default:unknown:0)
   328.073 - warning: QGeoTileRequestManager: Failed to fetch tile (68646,45890,17) 5 times, giving up. Last error message was: 'Network Not Available' (default:unknown:0)
   328.075 - warning: QGeoTileRequestManager: Failed to fetch tile (68647,45890,17) 5 times, giving up. Last error message was: 'Network Not Available' (default:unknown:0)
   328.075 - warning: QGeoTileRequestManager: Failed to fetch tile (68648,45890,17) 5 times, giving up. Last error message was: 'Network Not Available' (default:unknown:0)
   328.075 - warning: QGeoTileRequestManager: Failed to fetch tile (68649,45890,17) 5 times, giving up. Last error message was: 'Network Not Available' (default:unknown:0)
   329.016 - warning: QGeoTileRequestManager: Failed to fetch tile (68650,45890,17) 5 times, giving up. Last error message was: 'Network Not Available' (default:unknown:0)
   329.016 - warning: QGeoTileRequestManager: Failed to fetch tile (68651,45890,17) 5 times, giving up. Last error message was: 'Network Not Available' (default:unknown:0)
   344.039 - warning: QGeoTileRequestManager: Failed to fetch tile (68643,45886,17) 5 times, giving up. Last error message was: 'Network Not Available' (default:unknown:0)
   344.042 - warning: QGeoTileRequestManager: Failed to fetch tile (68644,45886,17) 5 times, giving up. Last error message was: 'Network Not Available' (default:unknown:0)
   344.042 - warning: QGeoTileRequestManager: Failed to fetch tile (68645,45886,17) 5 times, giving up. Last error message was: 'Network Not Available' (default:unknown:0)
   344.043 - warning: QGeoTileRequestManager: Failed to fetch tile (68646,45886,17) 5 times, giving up. Last error message was: 'Network Not Available' (default:unknown:0)
   344.044 - warning: QGeoTileRequestManager: Failed to fetch tile (68647,45886,17) 5 times, giving up. Last error message was: 'Network Not Available' (default:unknown:0)
   344.045 - warning: QGeoTileRequestManager: Failed to fetch tile (68648,45886,17) 5 times, giving up. Last error message was: 'Network Not Available' (default:unknown:0)
   344.046 - warning: QGeoTileRequestManager: Failed to fetch tile (68649,45886,17) 5 times, giving up. Last error message was: 'Network Not Available' (default:unknown:0)
   344.047 - warning: QGeoTileRequestManager: Failed to fetch tile (68650,45886,17) 5 times, giving up. Last error message was: 'Network Not Available' (default:unknown:0)
   344.048 - warning: QGeoTileRequestManager: Failed to fetch tile (68651,45886,17) 5 times, giving up. Last error message was: 'Network Not Available' (default:unknown:0)
   344.049 - warning: QGeoTileRequestManager: Failed to fetch tile (68643,45887,17) 5 times, giving up. Last error message was: 'Network Not Available' (default:unknown:0)
   344.050 - warning: QGeoTileRequestManager: Failed to fetch tile (68644,45887,17) 5 times, giving up. Last error message was: 'Network Not Available' (default:unknown:0)
   344.051 - warning: QGeoTileRequestManager: Failed to fetch tile (68645,45887,17) 5 times, giving up. Last error message was: 'Network Not Available' (default:unknown:0)
   344.053 - warning: QGeoTileRequestManager: Failed to fetch tile (68646,45887,17) 5 times, giving up. Last error message was: 'Network Not Available' (default:unknown:0)
   344.055 - warning: QGeoTileRequestManager: Failed to fetch tile (68647,45887,17) 5 times, giving up. Last error message was: 'Network Not Available' (default:unknown:0)
   344.057 - warning: QGeoTileRequestManager: Failed to fetch tile (68648,45887,17) 5 times, giving up. Last error message was: 'Network Not Available' (default:unknown:0)
   344.058 - warning: QGeoTileRequestManager: Failed to fetch tile (68649,45887,17) 5 times, giving up. Last error message was: 'Network Not Available' (default:unknown:0)
   344.058 - warning: QGeoTileRequestManager: Failed to fetch tile (68650,45887,17) 5 times, giving up. Last error message was: 'Network Not Available' (default:unknown:0)
   344.059 - warning: QGeoTileRequestManager: Failed to fetch tile (68651,45887,17) 5 times, giving up. Last error message was: 'Network Not Available' (default:unknown:0)
   344.061 - warning: QGeoTileRequestManager: Failed to fetch tile (68643,45888,17) 5 times, giving up. Last error message was: 'Network Not Available' (default:unknown:0)
   344.062 - warning: QGeoTileRequestManager: Failed to fetch tile (68644,45888,17) 5 times, giving up. Last error message was: 'Network Not Available' (default:unknown:0)
   344.062 - warning: QGeoTileRequestManager: Failed to fetch tile (68645,45888,17) 5 times, giving up. Last error message was: 'Network Not Available' (default:unknown:0)
   344.063 - warning: QGeoTileRequestManager: Failed to fetch tile (68646,45888,17) 5 times, giving up. Last error message was: 'Network Not Available' (default:unknown:0)
   344.063 - warning: QGeoTileRequestManager: Failed to fetch tile (68647,45888,17) 5 times, giving up. Last error message was: 'Network Not Available' (default:unknown:0)
   344.063 - warning: QGeoTileRequestManager: Failed to fetch tile (68648,45888,17) 5 times, giving up. Last error message was: 'Network Not Available' (default:unknown:0)
   344.071 - warning: QGeoTileRequestManager: Failed to fetch tile (68649,45888,17) 5 times, giving up. Last error message was: 'Network Not Available' (default:unknown:0)
   344.071 - warning: QGeoTileRequestManager: Failed to fetch tile (68650,45888,17) 5 times, giving up. Last error message was: 'Network Not Available' (default:unknown:0)
   344.071 - warning: QGeoTileRequestManager: Failed to fetch tile (68651,45888,17) 5 times, giving up. Last error message was: 'Network Not Available' (default:unknown:0)
   344.071 - warning: QGeoTileRequestManager: Failed to fetch tile (68643,45889,17) 5 times, giving up. Last error message was: 'Network Not Available' (default:unknown:0)
   344.073 - warning: QGeoTileRequestManager: Failed to fetch tile (68644,45889,17) 5 times, giving up. Last error message was: 'Network Not Available' (default:unknown:0)
   344.076 - warning: QGeoTileRequestManager: Failed to fetch tile (68645,45889,17) 5 times, giving up. Last error message was: 'Network Not Available' (default:unknown:0)
   344.078 - warning: QGeoTileRequestManager: Failed to fetch tile (68646,45889,17) 5 times, giving up. Last error message was: 'Network Not Available' (default:unknown:0)
   344.079 - warning: QGeoTileRequestManager: Failed to fetch tile (68647,45889,17) 5 times, giving up. Last error message was: 'Network Not Available' (default:unknown:0)
   344.080 - warning: QGeoTileRequestManager: Failed to fetch tile (68648,45889,17) 5 times, giving up. Last error message was: 'Network Not Available' (default:unknown:0)
   344.081 - warning: QGeoTileRequestManager: Failed to fetch tile (68649,45889,17) 5 times, giving up. Last error message was: 'Network Not Available' (default:unknown:0)
   344.082 - warning: QGeoTileRequestManager: Failed to fetch tile (68650,45889,17) 5 times, giving up. Last error message was: 'Network Not Available' (default:unknown:0)
   344.082 - warning: QGeoTileRequestManager: Failed to fetch tile (68651,45889,17) 5 times, giving up. Last error message was: 'Network Not Available' (default:unknown:0)
   344.083 - warning: QGeoTileRequestManager: Failed to fetch tile (68643,45890,17) 5 times, giving up. Last error message was: 'Network Not Available' (default:unknown:0)
   344.084 - warning: QGeoTileRequestManager: Failed to fetch tile (68644,45890,17) 5 times, giving up. Last error message was: 'Network Not Available' (default:unknown:0)
   344.086 - warning: QGeoTileRequestManager: Failed to fetch tile (68645,45890,17) 5 times, giving up. Last error message was: 'Network Not Available' (default:unknown:0)
   344.087 - warning: QGeoTileRequestManager: Failed to fetch tile (68646,45890,17) 5 times, giving up. Last error message was: 'Network Not Available' (default:unknown:0)
   344.088 - warning: QGeoTileRequestManager: Failed to fetch tile (68647,45890,17) 5 times, giving up. Last error message was: 'Network Not Available' (default:unknown:0)
   344.089 - warning: QGeoTileRequestManager: Failed to fetch tile (68648,45890,17) 5 times, giving up. Last error message was: 'Network Not Available' (default:unknown:0)
   344.090 - warning: QGeoTileRequestManager: Failed to fetch tile (68649,45890,17) 5 times, giving up. Last error message was: 'Network Not Available' (default:unknown:0)
   345.022 - warning: QGeoTileRequestManager: Failed to fetch tile (68650,45890,17) 5 times, giving up. Last error message was: 'Network Not Available' (default:unknown:0)
   345.022 - warning: QGeoTileRequestManager: Failed to fetch tile (68651,45890,17) 5 times, giving up. Last error message was: 'Network Not Available' (default:unknown:0)
   360.030 - warning: QGeoTileRequestManager: Failed to fetch tile (68643,45886,17) 5 times, giving up. Last error message was: 'Network Not Available' (default:unknown:0)
   360.032 - warning: QGeoTileRequestManager: Failed to fetch tile (68644,45886,17) 5 times, giving up. Last error message was: 'Network Not Available' (default:unknown:0)
   360.032 - warning: QGeoTileRequestManager: Failed to fetch tile (68645,45886,17) 5 times, giving up. Last error message was: 'Network Not Available' (default:unknown:0)
   360.032 - warning: QGeoTileRequestManager: Failed to fetch tile (68646,45886,17) 5 times, giving up. Last error message was: 'Network Not Available' (default:unknown:0)
   360.032 - warning: QGeoTileRequestManager: Failed to fetch tile (68647,45886,17) 5 times, giving up. Last error message was: 'Network Not Available' (default:unknown:0)
   360.032 - warning: QGeoTileRequestManager: Failed to fetch tile (68648,45886,17) 5 times, giving up. Last error message was: 'Network Not Available' (default:unknown:0)
   360.032 - warning: QGeoTileRequestManager: Failed to fetch tile (68649,45886,17) 5 times, giving up. Last error message was: 'Network Not Available' (default:unknown:0)
   360.032 - warning: QGeoTileRequestManager: Failed to fetch tile (68650,45886,17) 5 times, giving up. Last error message was: 'Network Not Available' (default:unknown:0)
   360.032 - warning: QGeoTileRequestManager: Failed to fetch tile (68651,45886,17) 5 times, giving up. Last error message was: 'Network Not Available' (default:unknown:0)
   360.032 - warning: QGeoTileRequestManager: Failed to fetch tile (68643,45887,17) 5 times, giving up. Last error message was: 'Network Not Available' (default:unknown:0)
   360.032 - warning: QGeoTileRequestManager: Failed to fetch tile (68644,45887,17) 5 times, giving up. Last error message was: 'Network Not Available' (default:unknown:0)
   360.032 - warning: QGeoTileRequestManager: Failed to fetch tile (68645,45887,17) 5 times, giving up. Last error message was: 'Network Not Available' (default:unknown:0)
   360.032 - warning: QGeoTileRequestManager: Failed to fetch tile (68646,45887,17) 5 times, giving up. Last error message was: 'Network Not Available' (default:unknown:0)
   360.035 - warning: QGeoTileRequestManager: Failed to fetch tile (68647,45887,17) 5 times, giving up. Last error message was: 'Network Not Available' (default:unknown:0)
   360.035 - warning: QGeoTileRequestManager: Failed to fetch tile (68648,45887,17) 5 times, giving up. Last error message was: 'Network Not Available' (default:unknown:0)
   360.035 - warning: QGeoTileRequestManager: Failed to fetch tile (68649,45887,17) 5 times, giving up. Last error message was: 'Network Not Available' (default:unknown:0)
   360.048 - warning: QGeoTileRequestManager: Failed to fetch tile (68650,45887,17) 5 times, giving up. Last error message was: 'Network Not Available' (default:unknown:0)
   360.051 - warning: QGeoTileRequestManager: Failed to fetch tile (68651,45887,17) 5 times, giving up. Last error message was: 'Network Not Available' (default:unknown:0)
   360.051 - warning: QGeoTileRequestManager: Failed to fetch tile (68643,45888,17) 5 times, giving up. Last error message was: 'Network Not Available' (default:unknown:0)
   360.051 - warning: QGeoTileRequestManager: Failed to fetch tile (68644,45888,17) 5 times, giving up. Last error message was: 'Network Not Available' (default:unknown:0)
   360.056 - warning: QGeoTileRequestManager: Failed to fetch tile (68645,45888,17) 5 times, giving up. Last error message was: 'Network Not Available' (default:unknown:0)
   360.056 - warning: QGeoTileRequestManager: Failed to fetch tile (68646,45888,17) 5 times, giving up. Last error message was: 'Network Not Available' (default:unknown:0)
   360.056 - warning: QGeoTileRequestManager: Failed to fetch tile (68647,45888,17) 5 times, giving up. Last error message was: 'Network Not Available' (default:unknown:0)
   360.057 - warning: QGeoTileRequestManager: Failed to fetch tile (68648,45888,17) 5 times, giving up. Last error message was: 'Network Not Available' (default:unknown:0)
   360.059 - warning: QGeoTileRequestManager: Failed to fetch tile (68649,45888,17) 5 times, giving up. Last error message was: 'Network Not Available' (default:unknown:0)
   360.060 - warning: QGeoTileRequestManager: Failed to fetch tile (68650,45888,17) 5 times, giving up. Last error message was: 'Network Not Available' (default:unknown:0)
   360.062 - warning: QGeoTileRequestManager: Failed to fetch tile (68651,45888,17) 5 times, giving up. Last error message was: 'Network Not Available' (default:unknown:0)
   360.062 - warning: QGeoTileRequestManager: Failed to fetch tile (68643,45889,17) 5 times, giving up. Last error message was: 'Network Not Available' (default:unknown:0)
   360.063 - warning: QGeoTileRequestManager: Failed to fetch tile (68644,45889,17) 5 times, giving up. Last error message was: 'Network Not Available' (default:unknown:0)
   360.065 - warning: QGeoTileRequestManager: Failed to fetch tile (68645,45889,17) 5 times, giving up. Last error message was: 'Network Not Available' (default:unknown:0)
   360.066 - warning: QGeoTileRequestManager: Failed to fetch tile (68646,45889,17) 5 times, giving up. Last error message was: 'Network Not Available' (default:unknown:0)
   360.067 - warning: QGeoTileRequestManager: Failed to fetch tile (68647,45889,17) 5 times, giving up. Last error message was: 'Network Not Available' (default:unknown:0)
   360.068 - warning: QGeoTileRequestManager: Failed to fetch tile (68648,45889,17) 5 times, giving up. Last error message was: 'Network Not Available' (default:unknown:0)
   360.069 - warning: QGeoTileRequestManager: Failed to fetch tile (68649,45889,17) 5 times, giving up. Last error message was: 'Network Not Available' (default:unknown:0)
   360.070 - warning: QGeoTileRequestManager: Failed to fetch tile (68650,45889,17) 5 times, giving up. Last error message was: 'Network Not Available' (default:unknown:0)
   360.072 - warning: QGeoTileRequestManager: Failed to fetch tile (68651,45889,17) 5 times, giving up. Last error message was: 'Network Not Available' (default:unknown:0)
   360.074 - warning: QGeoTileRequestManager: Failed to fetch tile (68643,45890,17) 5 times, giving up. Last error message was: 'Network Not Available' (default:unknown:0)
   360.077 - warning: QGeoTileRequestManager: Failed to fetch tile (68644,45890,17) 5 times, giving up. Last error message was: 'Network Not Available' (default:unknown:0)
   360.080 - warning: QGeoTileRequestManager: Failed to fetch tile (68645,45890,17) 5 times, giving up. Last error message was: 'Network Not Available' (default:unknown:0)
   360.082 - warning: QGeoTileRequestManager: Failed to fetch tile (68646,45890,17) 5 times, giving up. Last error message was: 'Network Not Available' (default:unknown:0)
   360.083 - warning: QGeoTileRequestManager: Failed to fetch tile (68647,45890,17) 5 times, giving up. Last error message was: 'Network Not Available' (default:unknown:0)
   360.084 - warning: QGeoTileRequestManager: Failed to fetch tile (68648,45890,17) 5 times, giving up. Last error message was: 'Network Not Available' (default:unknown:0)
   360.086 - warning: QGeoTileRequestManager: Failed to fetch tile (68649,45890,17) 5 times, giving up. Last error message was: 'Network Not Available' (default:unknown:0)
   361.043 - warning: QGeoTileRequestManager: Failed to fetch tile (68650,45890,17) 5 times, giving up. Last error message was: 'Network Not Available' (default:unknown:0)
   361.043 - warning: QGeoTileRequestManager: Failed to fetch tile (68651,45890,17) 5 times, giving up. Last error message was: 'Network Not Available' (default:unknown:0)
   376.001 - warning: QGeoTileRequestManager: Failed to fetch tile (68643,45886,17) 5 times, giving up. Last error message was: 'Network Not Available' (default:unknown:0)
   376.007 - warning: QGeoTileRequestManager: Failed to fetch tile (68644,45886,17) 5 times, giving up. Last error message was: 'Network Not Available' (default:unknown:0)
   376.008 - warning: QGeoTileRequestManager: Failed to fetch tile (68645,45886,17) 5 times, giving up. Last error message was: 'Network Not Available' (default:unknown:0)
   376.008 - warning: QGeoTileRequestManager: Failed to fetch tile (68646,45886,17) 5 times, giving up. Last error message was: 'Network Not Available' (default:unknown:0)
   376.008 - warning: QGeoTileRequestManager: Failed to fetch tile (68647,45886,17) 5 times, giving up. Last error message was: 'Network Not Available' (default:unknown:0)
   376.008 - warning: QGeoTileRequestManager: Failed to fetch tile (68648,45886,17) 5 times, giving up. Last error message was: 'Network Not Available' (default:unknown:0)
   376.011 - warning: QGeoTileRequestManager: Failed to fetch tile (68649,45886,17) 5 times, giving up. Last error message was: 'Network Not Available' (default:unknown:0)
   376.013 - warning: QGeoTileRequestManager: Failed to fetch tile (68650,45886,17) 5 times, giving up. Last error message was: 'Network Not Available' (default:unknown:0)
   376.013 - warning: QGeoTileRequestManager: Failed to fetch tile (68651,45886,17) 5 times, giving up. Last error message was: 'Network Not Available' (default:unknown:0)
   376.013 - warning: QGeoTileRequestManager: Failed to fetch tile (68643,45887,17) 5 times, giving up. Last error message was: 'Network Not Available' (default:unknown:0)
   376.014 - warning: QGeoTileRequestManager: Failed to fetch tile (68644,45887,17) 5 times, giving up. Last error message was: 'Network Not Available' (default:unknown:0)
   376.014 - warning: QGeoTileRequestManager: Failed to fetch tile (68645,45887,17) 5 times, giving up. Last error message was: 'Network Not Available' (default:unknown:0)
   376.018 - warning: QGeoTileRequestManager: Failed to fetch tile (68646,45887,17) 5 times, giving up. Last error message was: 'Network Not Available' (default:unknown:0)
   376.020 - warning: QGeoTileRequestManager: Failed to fetch tile (68647,45887,17) 5 times, giving up. Last error message was: 'Network Not Available' (default:unknown:0)
   376.021 - warning: QGeoTileRequestManager: Failed to fetch tile (68648,45887,17) 5 times, giving up. Last error message was: 'Network Not Available' (default:unknown:0)
   376.022 - warning: QGeoTileRequestManager: Failed to fetch tile (68649,45887,17) 5 times, giving up. Last error message was: 'Network Not Available' (default:unknown:0)
   376.023 - warning: QGeoTileRequestManager: Failed to fetch tile (68650,45887,17) 5 times, giving up. Last error message was: 'Network Not Available' (default:unknown:0)
   376.024 - warning: QGeoTileRequestManager: Failed to fetch tile (68651,45887,17) 5 times, giving up. Last error message was: 'Network Not Available' (default:unknown:0)
   376.024 - warning: QGeoTileRequestManager: Failed to fetch tile (68643,45888,17) 5 times, giving up. Last error message was: 'Network Not Available' (default:unknown:0)
   376.025 - warning: QGeoTileRequestManager: Failed to fetch tile (68644,45888,17) 5 times, giving up. Last error message was: 'Network Not Available' (default:unknown:0)
   376.026 - warning: QGeoTileRequestManager: Failed to fetch tile (68645,45888,17) 5 times, giving up. Last error message was: 'Network Not Available' (default:unknown:0)
   376.026 - warning: QGeoTileRequestManager: Failed to fetch tile (68646,45888,17) 5 times, giving up. Last error message was: 'Network Not Available' (default:unknown:0)
   376.027 - warning: QGeoTileRequestManager: Failed to fetch tile (68647,45888,17) 5 times, giving up. Last error message was: 'Network Not Available' (default:unknown:0)
   376.028 - warning: QGeoTileRequestManager: Failed to fetch tile (68648,45888,17) 5 times, giving up. Last error message was: 'Network Not Available' (default:unknown:0)
   376.029 - warning: QGeoTileRequestManager: Failed to fetch tile (68649,45888,17) 5 times, giving up. Last error message was: 'Network Not Available' (default:unknown:0)
   376.031 - warning: QGeoTileRequestManager: Failed to fetch tile (68650,45888,17) 5 times, giving up. Last error message was: 'Network Not Available' (default:unknown:0)
   376.032 - warning: QGeoTileRequestManager: Failed to fetch tile (68651,45888,17) 5 times, giving up. Last error message was: 'Network Not Available' (default:unknown:0)
   376.035 - warning: QGeoTileRequestManager: Failed to fetch tile (68643,45889,17) 5 times, giving up. Last error message was: 'Network Not Available' (default:unknown:0)
   376.036 - warning: QGeoTileRequestManager: Failed to fetch tile (68644,45889,17) 5 times, giving up. Last error message was: 'Network Not Available' (default:unknown:0)
   376.038 - warning: QGeoTileRequestManager: Failed to fetch tile (68645,45889,17) 5 times, giving up. Last error message was: 'Network Not Available' (default:unknown:0)
   376.039 - warning: QGeoTileRequestManager: Failed to fetch tile (68646,45889,17) 5 times, giving up. Last error message was: 'Network Not Available' (default:unknown:0)
   376.040 - warning: QGeoTileRequestManager: Failed to fetch tile (68647,45889,17) 5 times, giving up. Last error message was: 'Network Not Available' (default:unknown:0)
   376.041 - warning: QGeoTileRequestManager: Failed to fetch tile (68648,45889,17) 5 times, giving up. Last error message was: 'Network Not Available' (default:unknown:0)
   376.042 - warning: QGeoTileRequestManager: Failed to fetch tile (68649,45889,17) 5 times, giving up. Last error message was: 'Network Not Available' (default:unknown:0)
   376.042 - warning: QGeoTileRequestManager: Failed to fetch tile (68650,45889,17) 5 times, giving up. Last error message was: 'Network Not Available' (default:unknown:0)
   376.043 - warning: QGeoTileRequestManager: Failed to fetch tile (68651,45889,17) 5 times, giving up. Last error message was: 'Network Not Available' (default:unknown:0)
   376.045 - warning: QGeoTileRequestManager: Failed to fetch tile (68643,45890,17) 5 times, giving up. Last error message was: 'Network Not Available' (default:unknown:0)
   376.045 - warning: QGeoTileRequestManager: Failed to fetch tile (68644,45890,17) 5 times, giving up. Last error message was: 'Network Not Available' (default:unknown:0)
   376.047 - warning: QGeoTileRequestManager: Failed to fetch tile (68645,45890,17) 5 times, giving up. Last error message was: 'Network Not Available' (default:unknown:0)
   376.048 - warning: QGeoTileRequestManager: Failed to fetch tile (68646,45890,17) 5 times, giving up. Last error message was: 'Network Not Available' (default:unknown:0)
   376.050 - warning: QGeoTileRequestManager: Failed to fetch tile (68647,45890,17) 5 times, giving up. Last error message was: 'Network Not Available' (default:unknown:0)
   376.050 - warning: QGeoTileRequestManager: Failed to fetch tile (68648,45890,17) 5 times, giving up. Last error message was: 'Network Not Available' (default:unknown:0)
   376.050 - warning: QGeoTileRequestManager: Failed to fetch tile (68649,45890,17) 5 times, giving up. Last error message was: 'Network Not Available' (default:unknown:0)
   377.007 - warning: QGeoTileRequestManager: Failed to fetch tile (68650,45890,17) 5 times, giving up. Last error message was: 'Network Not Available' (default:unknown:0)
   377.007 - warning: QGeoTileRequestManager: Failed to fetch tile (68651,45890,17) 5 times, giving up. Last error message was: 'Network Not Available' (default:unknown:0)
   392.022 - warning: QGeoTileRequestManager: Failed to fetch tile (68643,45886,17) 5 times, giving up. Last error message was: 'Network Not Available' (default:unknown:0)
   392.022 - warning: QGeoTileRequestManager: Failed to fetch tile (68644,45886,17) 5 times, giving up. Last error message was: 'Network Not Available' (default:unknown:0)
   392.022 - warning: QGeoTileRequestManager: Failed to fetch tile (68645,45886,17) 5 times, giving up. Last error message was: 'Network Not Available' (default:unknown:0)
   392.023 - warning: QGeoTileRequestManager: Failed to fetch tile (68646,45886,17) 5 times, giving up. Last error message was: 'Network Not Available' (default:unknown:0)
   392.023 - warning: QGeoTileRequestManager: Failed to fetch tile (68647,45886,17) 5 times, giving up. Last error message was: 'Network Not Available' (default:unknown:0)
   392.023 - warning: QGeoTileRequestManager: Failed to fetch tile (68648,45886,17) 5 times, giving up. Last error message was: 'Network Not Available' (default:unknown:0)
   392.023 - warning: QGeoTileRequestManager: Failed to fetch tile (68649,45886,17) 5 times, giving up. Last error message was: 'Network Not Available' (default:unknown:0)
   392.023 - warning: QGeoTileRequestManager: Failed to fetch tile (68650,45886,17) 5 times, giving up. Last error message was: 'Network Not Available' (default:unknown:0)
   392.023 - warning: QGeoTileRequestManager: Failed to fetch tile (68651,45886,17) 5 times, giving up. Last error message was: 'Network Not Available' (default:unknown:0)
   392.023 - warning: QGeoTileRequestManager: Failed to fetch tile (68643,45887,17) 5 times, giving up. Last error message was: 'Network Not Available' (default:unknown:0)
   392.023 - warning: QGeoTileRequestManager: Failed to fetch tile (68644,45887,17) 5 times, giving up. Last error message was: 'Network Not Available' (default:unknown:0)
   392.023 - warning: QGeoTileRequestManager: Failed to fetch tile (68645,45887,17) 5 times, giving up. Last error message was: 'Network Not Available' (default:unknown:0)
   392.023 - warning: QGeoTileRequestManager: Failed to fetch tile (68646,45887,17) 5 times, giving up. Last error message was: 'Network Not Available' (default:unknown:0)
   392.024 - warning: QGeoTileRequestManager: Failed to fetch tile (68647,45887,17) 5 times, giving up. Last error message was: 'Network Not Available' (default:unknown:0)
   392.025 - warning: QGeoTileRequestManager: Failed to fetch tile (68648,45887,17) 5 times, giving up. Last error message was: 'Network Not Available' (default:unknown:0)
   392.026 - warning: QGeoTileRequestManager: Failed to fetch tile (68649,45887,17) 5 times, giving up. Last error message was: 'Network Not Available' (default:unknown:0)
   392.027 - warning: QGeoTileRequestManager: Failed to fetch tile (68650,45887,17) 5 times, giving up. Last error message was: 'Network Not Available' (default:unknown:0)
   392.028 - warning: QGeoTileRequestManager: Failed to fetch tile (68651,45887,17) 5 times, giving up. Last error message was: 'Network Not Available' (default:unknown:0)
   392.029 - warning: QGeoTileRequestManager: Failed to fetch tile (68643,45888,17) 5 times, giving up. Last error message was: 'Network Not Available' (default:unknown:0)
   392.030 - warning: QGeoTileRequestManager: Failed to fetch tile (68644,45888,17) 5 times, giving up. Last error message was: 'Network Not Available' (default:unknown:0)
   392.031 - warning: QGeoTileRequestManager: Failed to fetch tile (68645,45888,17) 5 times, giving up. Last error message was: 'Network Not Available' (default:unknown:0)
   392.032 - warning: QGeoTileRequestManager: Failed to fetch tile (68646,45888,17) 5 times, giving up. Last error message was: 'Network Not Available' (default:unknown:0)
   392.033 - warning: QGeoTileRequestManager: Failed to fetch tile (68647,45888,17) 5 times, giving up. Last error message was: 'Network Not Available' (default:unknown:0)
   392.033 - warning: QGeoTileRequestManager: Failed to fetch tile (68648,45888,17) 5 times, giving up. Last error message was: 'Network Not Available' (default:unknown:0)
   392.034 - warning: QGeoTileRequestManager: Failed to fetch tile (68649,45888,17) 5 times, giving up. Last error message was: 'Network Not Available' (default:unknown:0)
   392.034 - warning: QGeoTileRequestManager: Failed to fetch tile (68650,45888,17) 5 times, giving up. Last error message was: 'Network Not Available' (default:unknown:0)
   392.035 - warning: QGeoTileRequestManager: Failed to fetch tile (68651,45888,17) 5 times, giving up. Last error message was: 'Network Not Available' (default:unknown:0)
   392.035 - warning: QGeoTileRequestManager: Failed to fetch tile (68643,45889,17) 5 times, giving up. Last error message was: 'Network Not Available' (default:unknown:0)
   392.036 - warning: QGeoTileRequestManager: Failed to fetch tile (68644,45889,17) 5 times, giving up. Last error message was: 'Network Not Available' (default:unknown:0)
   392.037 - warning: QGeoTileRequestManager: Failed to fetch tile (68645,45889,17) 5 times, giving up. Last error message was: 'Network Not Available' (default:unknown:0)
   392.037 - warning: QGeoTileRequestManager: Failed to fetch tile (68646,45889,17) 5 times, giving up. Last error message was: 'Network Not Available' (default:unknown:0)
   392.038 - warning: QGeoTileRequestManager: Failed to fetch tile (68647,45889,17) 5 times, giving up. Last error message was: 'Network Not Available' (default:unknown:0)
   392.039 - warning: QGeoTileRequestManager: Failed to fetch tile (68648,45889,17) 5 times, giving up. Last error message was: 'Network Not Available' (default:unknown:0)
   392.040 - warning: QGeoTileRequestManager: Failed to fetch tile (68649,45889,17) 5 times, giving up. Last error message was: 'Network Not Available' (default:unknown:0)
   392.041 - warning: QGeoTileRequestManager: Failed to fetch tile (68650,45889,17) 5 times, giving up. Last error message was: 'Network Not Available' (default:unknown:0)
   392.042 - warning: QGeoTileRequestManager: Failed to fetch tile (68651,45889,17) 5 times, giving up. Last error message was: 'Network Not Available' (default:unknown:0)
   392.046 - warning: QGeoTileRequestManager: Failed to fetch tile (68643,45890,17) 5 times, giving up. Last error message was: 'Network Not Available' (default:unknown:0)
   392.048 - warning: QGeoTileRequestManager: Failed to fetch tile (68644,45890,17) 5 times, giving up. Last error message was: 'Network Not Available' (default:unknown:0)
   392.048 - warning: QGeoTileRequestManager: Failed to fetch tile (68645,45890,17) 5 times, giving up. Last error message was: 'Network Not Available' (default:unknown:0)
   392.048 - warning: QGeoTileRequestManager: Failed to fetch tile (68646,45890,17) 5 times, giving up. Last error message was: 'Network Not Available' (default:unknown:0)
   392.050 - warning: QGeoTileRequestManager: Failed to fetch tile (68647,45890,17) 5 times, giving up. Last error message was: 'Network Not Available' (default:unknown:0)
   392.050 - warning: QGeoTileRequestManager: Failed to fetch tile (68648,45890,17) 5 times, giving up. Last error message was: 'Network Not Available' (default:unknown:0)
   392.050 - warning: QGeoTileRequestManager: Failed to fetch tile (68649,45890,17) 5 times, giving up. Last error message was: 'Network Not Available' (default:unknown:0)
   393.027 - warning: QGeoTileRequestManager: Failed to fetch tile (68650,45890,17) 5 times, giving up. Last error message was: 'Network Not Available' (default:unknown:0)
   393.027 - warning: QGeoTileRequestManager: Failed to fetch tile (68651,45890,17) 5 times, giving up. Last error message was: 'Network Not Available' (default:unknown:0)
   408.032 - warning: QGeoTileRequestManager: Failed to fetch tile (68643,45886,17) 5 times, giving up. Last error message was: 'Network Not Available' (default:unknown:0)
   408.033 - warning: QGeoTileRequestManager: Failed to fetch tile (68644,45886,17) 5 times, giving up. Last error message was: 'Network Not Available' (default:unknown:0)
   408.034 - warning: QGeoTileRequestManager: Failed to fetch tile (68645,45886,17) 5 times, giving up. Last error message was: 'Network Not Available' (default:unknown:0)
   408.034 - warning: QGeoTileRequestManager: Failed to fetch tile (68646,45886,17) 5 times, giving up. Last error message was: 'Network Not Available' (default:unknown:0)
   408.034 - warning: QGeoTileRequestManager: Failed to fetch tile (68647,45886,17) 5 times, giving up. Last error message was: 'Network Not Available' (default:unknown:0)
   408.034 - warning: QGeoTileRequestManager: Failed to fetch tile (68648,45886,17) 5 times, giving up. Last error message was: 'Network Not Available' (default:unknown:0)
   408.034 - warning: QGeoTileRequestManager: Failed to fetch tile (68649,45886,17) 5 times, giving up. Last error message was: 'Network Not Available' (default:unknown:0)
   408.034 - warning: QGeoTileRequestManager: Failed to fetch tile (68650,45886,17) 5 times, giving up. Last error message was: 'Network Not Available' (default:unknown:0)
   408.034 - warning: QGeoTileRequestManager: Failed to fetch tile (68651,45886,17) 5 times, giving up. Last error message was: 'Network Not Available' (default:unknown:0)
   408.034 - warning: QGeoTileRequestManager: Failed to fetch tile (68643,45887,17) 5 times, giving up. Last error message was: 'Network Not Available' (default:unknown:0)
   408.034 - warning: QGeoTileRequestManager: Failed to fetch tile (68644,45887,17) 5 times, giving up. Last error message was: 'Network Not Available' (default:unknown:0)
   408.034 - warning: QGeoTileRequestManager: Failed to fetch tile (68645,45887,17) 5 times, giving up. Last error message was: 'Network Not Available' (default:unknown:0)
   408.034 - warning: QGeoTileRequestManager: Failed to fetch tile (68646,45887,17) 5 times, giving up. Last error message was: 'Network Not Available' (default:unknown:0)
   408.034 - warning: QGeoTileRequestManager: Failed to fetch tile (68647,45887,17) 5 times, giving up. Last error message was: 'Network Not Available' (default:unknown:0)
   408.035 - warning: QGeoTileRequestManager: Failed to fetch tile (68648,45887,17) 5 times, giving up. Last error message was: 'Network Not Available' (default:unknown:0)
   408.036 - warning: QGeoTileRequestManager: Failed to fetch tile (68649,45887,17) 5 times, giving up. Last error message was: 'Network Not Available' (default:unknown:0)
   408.038 - warning: QGeoTileRequestManager: Failed to fetch tile (68650,45887,17) 5 times, giving up. Last error message was: 'Network Not Available' (default:unknown:0)
   408.040 - warning: QGeoTileRequestManager: Failed to fetch tile (68651,45887,17) 5 times, giving up. Last error message was: 'Network Not Available' (default:unknown:0)
   408.042 - warning: QGeoTileRequestManager: Failed to fetch tile (68643,45888,17) 5 times, giving up. Last error message was: 'Network Not Available' (default:unknown:0)
   408.044 - warning: QGeoTileRequestManager: Failed to fetch tile (68644,45888,17) 5 times, giving up. Last error message was: 'Network Not Available' (default:unknown:0)
   408.046 - warning: QGeoTileRequestManager: Failed to fetch tile (68645,45888,17) 5 times, giving up. Last error message was: 'Network Not Available' (default:unknown:0)
   408.047 - warning: QGeoTileRequestManager: Failed to fetch tile (68646,45888,17) 5 times, giving up. Last error message was: 'Network Not Available' (default:unknown:0)
   408.048 - warning: QGeoTileRequestManager: Failed to fetch tile (68647,45888,17) 5 times, giving up. Last error message was: 'Network Not Available' (default:unknown:0)
   408.049 - warning: QGeoTileRequestManager: Failed to fetch tile (68648,45888,17) 5 times, giving up. Last error message was: 'Network Not Available' (default:unknown:0)
   408.050 - warning: QGeoTileRequestManager: Failed to fetch tile (68649,45888,17) 5 times, giving up. Last error message was: 'Network Not Available' (default:unknown:0)
   408.051 - warning: QGeoTileRequestManager: Failed to fetch tile (68650,45888,17) 5 times, giving up. Last error message was: 'Network Not Available' (default:unknown:0)
   408.052 - warning: QGeoTileRequestManager: Failed to fetch tile (68651,45888,17) 5 times, giving up. Last error message was: 'Network Not Available' (default:unknown:0)
   408.054 - warning: QGeoTileRequestManager: Failed to fetch tile (68643,45889,17) 5 times, giving up. Last error message was: 'Network Not Available' (default:unknown:0)
   408.054 - warning: QGeoTileRequestManager: Failed to fetch tile (68644,45889,17) 5 times, giving up. Last error message was: 'Network Not Available' (default:unknown:0)
   408.055 - warning: QGeoTileRequestManager: Failed to fetch tile (68645,45889,17) 5 times, giving up. Last error message was: 'Network Not Available' (default:unknown:0)
   408.056 - warning: QGeoTileRequestManager: Failed to fetch tile (68646,45889,17) 5 times, giving up. Last error message was: 'Network Not Available' (default:unknown:0)
   408.057 - warning: QGeoTileRequestManager: Failed to fetch tile (68647,45889,17) 5 times, giving up. Last error message was: 'Network Not Available' (default:unknown:0)
   408.058 - warning: QGeoTileRequestManager: Failed to fetch tile (68648,45889,17) 5 times, giving up. Last error message was: 'Network Not Available' (default:unknown:0)
   408.060 - warning: QGeoTileRequestManager: Failed to fetch tile (68649,45889,17) 5 times, giving up. Last error message was: 'Network Not Available' (default:unknown:0)
   408.061 - warning: QGeoTileRequestManager: Failed to fetch tile (68650,45889,17) 5 times, giving up. Last error message was: 'Network Not Available' (default:unknown:0)
   408.062 - warning: QGeoTileRequestManager: Failed to fetch tile (68651,45889,17) 5 times, giving up. Last error message was: 'Network Not Available' (default:unknown:0)
   408.063 - warning: QGeoTileRequestManager: Failed to fetch tile (68643,45890,17) 5 times, giving up. Last error message was: 'Network Not Available' (default:unknown:0)
   408.064 - warning: QGeoTileRequestManager: Failed to fetch tile (68644,45890,17) 5 times, giving up. Last error message was: 'Network Not Available' (default:unknown:0)
   408.065 - warning: QGeoTileRequestManager: Failed to fetch tile (68645,45890,17) 5 times, giving up. Last error message was: 'Network Not Available' (default:unknown:0)
   408.066 - warning: QGeoTileRequestManager: Failed to fetch tile (68646,45890,17) 5 times, giving up. Last error message was: 'Network Not Available' (default:unknown:0)
   408.067 - warning: QGeoTileRequestManager: Failed to fetch tile (68647,45890,17) 5 times, giving up. Last error message was: 'Network Not Available' (default:unknown:0)
   408.067 - warning: QGeoTileRequestManager: Failed to fetch tile (68648,45890,17) 5 times, giving up. Last error message was: 'Network Not Available' (default:unknown:0)
   408.067 - warning: QGeoTileRequestManager: Failed to fetch tile (68649,45890,17) 5 times, giving up. Last error message was: 'Network Not Available' (default:unknown:0)
   409.014 - warning: QGeoTileRequestManager: Failed to fetch tile (68650,45890,17) 5 times, giving up. Last error message was: 'Network Not Available' (default:unknown:0)
   409.014 - warning: QGeoTileRequestManager: Failed to fetch tile (68651,45890,17) 5 times, giving up. Last error message was: 'Network Not Available' (default:unknown:0)
   424.031 - warning: QGeoTileRequestManager: Failed to fetch tile (68643,45886,17) 5 times, giving up. Last error message was: 'Network Not Available' (default:unknown:0)
   424.032 - warning: QGeoTileRequestManager: Failed to fetch tile (68644,45886,17) 5 times, giving up. Last error message was: 'Network Not Available' (default:unknown:0)
   424.032 - warning: QGeoTileRequestManager: Failed to fetch tile (68645,45886,17) 5 times, giving up. Last error message was: 'Network Not Available' (default:unknown:0)
   424.032 - warning: QGeoTileRequestManager: Failed to fetch tile (68646,45886,17) 5 times, giving up. Last error message was: 'Network Not Available' (default:unknown:0)
   424.032 - warning: QGeoTileRequestManager: Failed to fetch tile (68647,45886,17) 5 times, giving up. Last error message was: 'Network Not Available' (default:unknown:0)
   424.032 - warning: QGeoTileRequestManager: Failed to fetch tile (68648,45886,17) 5 times, giving up. Last error message was: 'Network Not Available' (default:unknown:0)
   424.033 - warning: QGeoTileRequestManager: Failed to fetch tile (68649,45886,17) 5 times, giving up. Last error message was: 'Network Not Available' (default:unknown:0)
   424.033 - warning: QGeoTileRequestManager: Failed to fetch tile (68650,45886,17) 5 times, giving up. Last error message was: 'Network Not Available' (default:unknown:0)
   424.033 - warning: QGeoTileRequestManager: Failed to fetch tile (68651,45886,17) 5 times, giving up. Last error message was: 'Network Not Available' (default:unknown:0)
   424.033 - warning: QGeoTileRequestManager: Failed to fetch tile (68643,45887,17) 5 times, giving up. Last error message was: 'Network Not Available' (default:unknown:0)
   424.033 - warning: QGeoTileRequestManager: Failed to fetch tile (68644,45887,17) 5 times, giving up. Last error message was: 'Network Not Available' (default:unknown:0)
   424.033 - warning: QGeoTileRequestManager: Failed to fetch tile (68645,45887,17) 5 times, giving up. Last error message was: 'Network Not Available' (default:unknown:0)
   424.033 - warning: QGeoTileRequestManager: Failed to fetch tile (68646,45887,17) 5 times, giving up. Last error message was: 'Network Not Available' (default:unknown:0)
   424.033 - warning: QGeoTileRequestManager: Failed to fetch tile (68647,45887,17) 5 times, giving up. Last error message was: 'Network Not Available' (default:unknown:0)
   424.036 - warning: QGeoTileRequestManager: Failed to fetch tile (68648,45887,17) 5 times, giving up. Last error message was: 'Network Not Available' (default:unknown:0)
   424.038 - warning: QGeoTileRequestManager: Failed to fetch tile (68649,45887,17) 5 times, giving up. Last error message was: 'Network Not Available' (default:unknown:0)
   424.040 - warning: QGeoTileRequestManager: Failed to fetch tile (68650,45887,17) 5 times, giving up. Last error message was: 'Network Not Available' (default:unknown:0)
   424.042 - warning: QGeoTileRequestManager: Failed to fetch tile (68651,45887,17) 5 times, giving up. Last error message was: 'Network Not Available' (default:unknown:0)
   424.044 - warning: QGeoTileRequestManager: Failed to fetch tile (68643,45888,17) 5 times, giving up. Last error message was: 'Network Not Available' (default:unknown:0)
   424.047 - warning: QGeoTileRequestManager: Failed to fetch tile (68644,45888,17) 5 times, giving up. Last error message was: 'Network Not Available' (default:unknown:0)
   424.049 - warning: QGeoTileRequestManager: Failed to fetch tile (68645,45888,17) 5 times, giving up. Last error message was: 'Network Not Available' (default:unknown:0)
   424.051 - warning: QGeoTileRequestManager: Failed to fetch tile (68646,45888,17) 5 times, giving up. Last error message was: 'Network Not Available' (default:unknown:0)
   424.054 - warning: QGeoTileRequestManager: Failed to fetch tile (68647,45888,17) 5 times, giving up. Last error message was: 'Network Not Available' (default:unknown:0)
   424.058 - warning: QGeoTileRequestManager: Failed to fetch tile (68648,45888,17) 5 times, giving up. Last error message was: 'Network Not Available' (default:unknown:0)
   424.060 - warning: QGeoTileRequestManager: Failed to fetch tile (68649,45888,17) 5 times, giving up. Last error message was: 'Network Not Available' (default:unknown:0)
   424.062 - warning: QGeoTileRequestManager: Failed to fetch tile (68650,45888,17) 5 times, giving up. Last error message was: 'Network Not Available' (default:unknown:0)
   424.064 - warning: QGeoTileRequestManager: Failed to fetch tile (68651,45888,17) 5 times, giving up. Last error message was: 'Network Not Available' (default:unknown:0)
   424.066 - warning: QGeoTileRequestManager: Failed to fetch tile (68643,45889,17) 5 times, giving up. Last error message was: 'Network Not Available' (default:unknown:0)
   424.068 - warning: QGeoTileRequestManager: Failed to fetch tile (68644,45889,17) 5 times, giving up. Last error message was: 'Network Not Available' (default:unknown:0)
   424.071 - warning: QGeoTileRequestManager: Failed to fetch tile (68645,45889,17) 5 times, giving up. Last error message was: 'Network Not Available' (default:unknown:0)
   424.073 - warning: QGeoTileRequestManager: Failed to fetch tile (68646,45889,17) 5 times, giving up. Last error message was: 'Network Not Available' (default:unknown:0)
   424.076 - warning: QGeoTileRequestManager: Failed to fetch tile (68647,45889,17) 5 times, giving up. Last error message was: 'Network Not Available' (default:unknown:0)
   424.079 - warning: QGeoTileRequestManager: Failed to fetch tile (68648,45889,17) 5 times, giving up. Last error message was: 'Network Not Available' (default:unknown:0)
   424.082 - warning: QGeoTileRequestManager: Failed to fetch tile (68649,45889,17) 5 times, giving up. Last error message was: 'Network Not Available' (default:unknown:0)
   424.085 - warning: QGeoTileRequestManager: Failed to fetch tile (68650,45889,17) 5 times, giving up. Last error message was: 'Network Not Available' (default:unknown:0)
   424.086 - warning: QGeoTileRequestManager: Failed to fetch tile (68651,45889,17) 5 times, giving up. Last error message was: 'Network Not Available' (default:unknown:0)
   424.088 - warning: QGeoTileRequestManager: Failed to fetch tile (68643,45890,17) 5 times, giving up. Last error message was: 'Network Not Available' (default:unknown:0)
   424.090 - warning: QGeoTileRequestManager: Failed to fetch tile (68644,45890,17) 5 times, giving up. Last error message was: 'Network Not Available' (default:unknown:0)
   424.091 - warning: QGeoTileRequestManager: Failed to fetch tile (68645,45890,17) 5 times, giving up. Last error message was: 'Network Not Available' (default:unknown:0)
   424.094 - warning: QGeoTileRequestManager: Failed to fetch tile (68646,45890,17) 5 times, giving up. Last error message was: 'Network Not Available' (default:unknown:0)
   424.097 - warning: QGeoTileRequestManager: Failed to fetch tile (68647,45890,17) 5 times, giving up. Last error message was: 'Network Not Available' (default:unknown:0)
   424.098 - warning: QGeoTileRequestManager: Failed to fetch tile (68648,45890,17) 5 times, giving up. Last error message was: 'Network Not Available' (default:unknown:0)
   424.098 - warning: QGeoTileRequestManager: Failed to fetch tile (68649,45890,17) 5 times, giving up. Last error message was: 'Network Not Available' (default:unknown:0)
   425.016 - warning: QGeoTileRequestManager: Failed to fetch tile (68650,45890,17) 5 times, giving up. Last error message was: 'Network Not Available' (default:unknown:0)
   425.016 - warning: QGeoTileRequestManager: Failed to fetch tile (68651,45890,17) 5 times, giving up. Last error message was: 'Network Not Available' (default:unknown:0)
   440.024 - warning: QGeoTileRequestManager: Failed to fetch tile (68643,45886,17) 5 times, giving up. Last error message was: 'Network Not Available' (default:unknown:0)
   440.033 - warning: QGeoTileRequestManager: Failed to fetch tile (68644,45886,17) 5 times, giving up. Last error message was: 'Network Not Available' (default:unknown:0)
   440.034 - warning: QGeoTileRequestManager: Failed to fetch tile (68645,45886,17) 5 times, giving up. Last error message was: 'Network Not Available' (default:unknown:0)
   440.034 - warning: QGeoTileRequestManager: Failed to fetch tile (68646,45886,17) 5 times, giving up. Last error message was: 'Network Not Available' (default:unknown:0)
   440.034 - warning: QGeoTileRequestManager: Failed to fetch tile (68647,45886,17) 5 times, giving up. Last error message was: 'Network Not Available' (default:unknown:0)
   440.034 - warning: QGeoTileRequestManager: Failed to fetch tile (68648,45886,17) 5 times, giving up. Last error message was: 'Network Not Available' (default:unknown:0)
   440.034 - warning: QGeoTileRequestManager: Failed to fetch tile (68649,45886,17) 5 times, giving up. Last error message was: 'Network Not Available' (default:unknown:0)
   440.034 - warning: QGeoTileRequestManager: Failed to fetch tile (68650,45886,17) 5 times, giving up. Last error message was: 'Network Not Available' (default:unknown:0)
   440.034 - warning: QGeoTileRequestManager: Failed to fetch tile (68651,45886,17) 5 times, giving up. Last error message was: 'Network Not Available' (default:unknown:0)
   440.034 - warning: QGeoTileRequestManager: Failed to fetch tile (68643,45887,17) 5 times, giving up. Last error message was: 'Network Not Available' (default:unknown:0)
   440.034 - warning: QGeoTileRequestManager: Failed to fetch tile (68644,45887,17) 5 times, giving up. Last error message was: 'Network Not Available' (default:unknown:0)
   440.036 - warning: QGeoTileRequestManager: Failed to fetch tile (68645,45887,17) 5 times, giving up. Last error message was: 'Network Not Available' (default:unknown:0)
   440.036 - warning: QGeoTileRequestManager: Failed to fetch tile (68646,45887,17) 5 times, giving up. Last error message was: 'Network Not Available' (default:unknown:0)
   440.037 - warning: QGeoTileRequestManager: Failed to fetch tile (68647,45887,17) 5 times, giving up. Last error message was: 'Network Not Available' (default:unknown:0)
   440.039 - warning: QGeoTileRequestManager: Failed to fetch tile (68648,45887,17) 5 times, giving up. Last error message was: 'Network Not Available' (default:unknown:0)
   440.039 - warning: QGeoTileRequestManager: Failed to fetch tile (68649,45887,17) 5 times, giving up. Last error message was: 'Network Not Available' (default:unknown:0)
   440.040 - warning: QGeoTileRequestManager: Failed to fetch tile (68650,45887,17) 5 times, giving up. Last error message was: 'Network Not Available' (default:unknown:0)
   440.041 - warning: QGeoTileRequestManager: Failed to fetch tile (68651,45887,17) 5 times, giving up. Last error message was: 'Network Not Available' (default:unknown:0)
   440.042 - warning: QGeoTileRequestManager: Failed to fetch tile (68643,45888,17) 5 times, giving up. Last error message was: 'Network Not Available' (default:unknown:0)
   440.043 - warning: QGeoTileRequestManager: Failed to fetch tile (68644,45888,17) 5 times, giving up. Last error message was: 'Network Not Available' (default:unknown:0)
   440.044 - warning: QGeoTileRequestManager: Failed to fetch tile (68645,45888,17) 5 times, giving up. Last error message was: 'Network Not Available' (default:unknown:0)
   440.045 - warning: QGeoTileRequestManager: Failed to fetch tile (68646,45888,17) 5 times, giving up. Last error message was: 'Network Not Available' (default:unknown:0)
   440.046 - warning: QGeoTileRequestManager: Failed to fetch tile (68647,45888,17) 5 times, giving up. Last error message was: 'Network Not Available' (default:unknown:0)
   440.047 - warning: QGeoTileRequestManager: Failed to fetch tile (68648,45888,17) 5 times, giving up. Last error message was: 'Network Not Available' (default:unknown:0)
   440.048 - warning: QGeoTileRequestManager: Failed to fetch tile (68649,45888,17) 5 times, giving up. Last error message was: 'Network Not Available' (default:unknown:0)
   440.049 - warning: QGeoTileRequestManager: Failed to fetch tile (68650,45888,17) 5 times, giving up. Last error message was: 'Network Not Available' (default:unknown:0)
   440.051 - warning: QGeoTileRequestManager: Failed to fetch tile (68651,45888,17) 5 times, giving up. Last error message was: 'Network Not Available' (default:unknown:0)
   440.052 - warning: QGeoTileRequestManager: Failed to fetch tile (68643,45889,17) 5 times, giving up. Last error message was: 'Network Not Available' (default:unknown:0)
   440.052 - warning: QGeoTileRequestManager: Failed to fetch tile (68644,45889,17) 5 times, giving up. Last error message was: 'Network Not Available' (default:unknown:0)
   440.053 - warning: QGeoTileRequestManager: Failed to fetch tile (68645,45889,17) 5 times, giving up. Last error message was: 'Network Not Available' (default:unknown:0)
   440.055 - warning: QGeoTileRequestManager: Failed to fetch tile (68646,45889,17) 5 times, giving up. Last error message was: 'Network Not Available' (default:unknown:0)
   440.055 - warning: QGeoTileRequestManager: Failed to fetch tile (68647,45889,17) 5 times, giving up. Last error message was: 'Network Not Available' (default:unknown:0)
   440.056 - warning: QGeoTileRequestManager: Failed to fetch tile (68648,45889,17) 5 times, giving up. Last error message was: 'Network Not Available' (default:unknown:0)
   440.057 - warning: QGeoTileRequestManager: Failed to fetch tile (68649,45889,17) 5 times, giving up. Last error message was: 'Network Not Available' (default:unknown:0)
   440.059 - warning: QGeoTileRequestManager: Failed to fetch tile (68650,45889,17) 5 times, giving up. Last error message was: 'Network Not Available' (default:unknown:0)
   440.060 - warning: QGeoTileRequestManager: Failed to fetch tile (68651,45889,17) 5 times, giving up. Last error message was: 'Network Not Available' (default:unknown:0)
   440.061 - warning: QGeoTileRequestManager: Failed to fetch tile (68643,45890,17) 5 times, giving up. Last error message was: 'Network Not Available' (default:unknown:0)
   440.062 - warning: QGeoTileRequestManager: Failed to fetch tile (68644,45890,17) 5 times, giving up. Last error message was: 'Network Not Available' (default:unknown:0)
   440.063 - warning: QGeoTileRequestManager: Failed to fetch tile (68645,45890,17) 5 times, giving up. Last error message was: 'Network Not Available' (default:unknown:0)
   440.064 - warning: QGeoTileRequestManager: Failed to fetch tile (68646,45890,17) 5 times, giving up. Last error message was: 'Network Not Available' (default:unknown:0)
   440.065 - warning: QGeoTileRequestManager: Failed to fetch tile (68647,45890,17) 5 times, giving up. Last error message was: 'Network Not Available' (default:unknown:0)
   440.065 - warning: QGeoTileRequestManager: Failed to fetch tile (68648,45890,17) 5 times, giving up. Last error message was: 'Network Not Available' (default:unknown:0)
   440.065 - warning: QGeoTileRequestManager: Failed to fetch tile (68649,45890,17) 5 times, giving up. Last error message was: 'Network Not Available' (default:unknown:0)
   441.015 - warning: QGeoTileRequestManager: Failed to fetch tile (68650,45890,17) 5 times, giving up. Last error message was: 'Network Not Available' (default:unknown:0)
   441.015 - warning: QGeoTileRequestManager: Failed to fetch tile (68651,45890,17) 5 times, giving up. Last error message was: 'Network Not Available' (default:unknown:0)
   456.020 - warning: QGeoTileRequestManager: Failed to fetch tile (68643,45886,17) 5 times, giving up. Last error message was: 'Network Not Available' (default:unknown:0)
   456.022 - warning: QGeoTileRequestManager: Failed to fetch tile (68644,45886,17) 5 times, giving up. Last error message was: 'Network Not Available' (default:unknown:0)
   456.022 - warning: QGeoTileRequestManager: Failed to fetch tile (68645,45886,17) 5 times, giving up. Last error message was: 'Network Not Available' (default:unknown:0)
   456.022 - warning: QGeoTileRequestManager: Failed to fetch tile (68646,45886,17) 5 times, giving up. Last error message was: 'Network Not Available' (default:unknown:0)
   456.022 - warning: QGeoTileRequestManager: Failed to fetch tile (68647,45886,17) 5 times, giving up. Last error message was: 'Network Not Available' (default:unknown:0)
   456.022 - warning: QGeoTileRequestManager: Failed to fetch tile (68648,45886,17) 5 times, giving up. Last error message was: 'Network Not Available' (default:unknown:0)
   456.022 - warning: QGeoTileRequestManager: Failed to fetch tile (68649,45886,17) 5 times, giving up. Last error message was: 'Network Not Available' (default:unknown:0)
   456.023 - warning: QGeoTileRequestManager: Failed to fetch tile (68650,45886,17) 5 times, giving up. Last error message was: 'Network Not Available' (default:unknown:0)
   456.024 - warning: QGeoTileRequestManager: Failed to fetch tile (68651,45886,17) 5 times, giving up. Last error message was: 'Network Not Available' (default:unknown:0)
   456.027 - warning: QGeoTileRequestManager: Failed to fetch tile (68643,45887,17) 5 times, giving up. Last error message was: 'Network Not Available' (default:unknown:0)
   456.028 - warning: QGeoTileRequestManager: Failed to fetch tile (68644,45887,17) 5 times, giving up. Last error message was: 'Network Not Available' (default:unknown:0)
   456.030 - warning: QGeoTileRequestManager: Failed to fetch tile (68645,45887,17) 5 times, giving up. Last error message was: 'Network Not Available' (default:unknown:0)
   456.031 - warning: QGeoTileRequestManager: Failed to fetch tile (68646,45887,17) 5 times, giving up. Last error message was: 'Network Not Available' (default:unknown:0)
   456.032 - warning: QGeoTileRequestManager: Failed to fetch tile (68647,45887,17) 5 times, giving up. Last error message was: 'Network Not Available' (default:unknown:0)
   456.033 - warning: QGeoTileRequestManager: Failed to fetch tile (68648,45887,17) 5 times, giving up. Last error message was: 'Network Not Available' (default:unknown:0)
   456.034 - warning: QGeoTileRequestManager: Failed to fetch tile (68649,45887,17) 5 times, giving up. Last error message was: 'Network Not Available' (default:unknown:0)
   456.035 - warning: QGeoTileRequestManager: Failed to fetch tile (68650,45887,17) 5 times, giving up. Last error message was: 'Network Not Available' (default:unknown:0)
   456.036 - warning: QGeoTileRequestManager: Failed to fetch tile (68651,45887,17) 5 times, giving up. Last error message was: 'Network Not Available' (default:unknown:0)
   456.037 - warning: QGeoTileRequestManager: Failed to fetch tile (68643,45888,17) 5 times, giving up. Last error message was: 'Network Not Available' (default:unknown:0)
   456.038 - warning: QGeoTileRequestManager: Failed to fetch tile (68644,45888,17) 5 times, giving up. Last error message was: 'Network Not Available' (default:unknown:0)
   456.039 - warning: QGeoTileRequestManager: Failed to fetch tile (68645,45888,17) 5 times, giving up. Last error message was: 'Network Not Available' (default:unknown:0)
   456.040 - warning: QGeoTileRequestManager: Failed to fetch tile (68646,45888,17) 5 times, giving up. Last error message was: 'Network Not Available' (default:unknown:0)
   456.041 - warning: QGeoTileRequestManager: Failed to fetch tile (68647,45888,17) 5 times, giving up. Last error message was: 'Network Not Available' (default:unknown:0)
   456.043 - warning: QGeoTileRequestManager: Failed to fetch tile (68648,45888,17) 5 times, giving up. Last error message was: 'Network Not Available' (default:unknown:0)
   456.044 - warning: QGeoTileRequestManager: Failed to fetch tile (68649,45888,17) 5 times, giving up. Last error message was: 'Network Not Available' (default:unknown:0)
   456.045 - warning: QGeoTileRequestManager: Failed to fetch tile (68650,45888,17) 5 times, giving up. Last error message was: 'Network Not Available' (default:unknown:0)
   456.046 - warning: QGeoTileRequestManager: Failed to fetch tile (68651,45888,17) 5 times, giving up. Last error message was: 'Network Not Available' (default:unknown:0)
   456.047 - warning: QGeoTileRequestManager: Failed to fetch tile (68643,45889,17) 5 times, giving up. Last error message was: 'Network Not Available' (default:unknown:0)
   456.048 - warning: QGeoTileRequestManager: Failed to fetch tile (68644,45889,17) 5 times, giving up. Last error message was: 'Network Not Available' (default:unknown:0)
   456.049 - warning: QGeoTileRequestManager: Failed to fetch tile (68645,45889,17) 5 times, giving up. Last error message was: 'Network Not Available' (default:unknown:0)
   456.050 - warning: QGeoTileRequestManager: Failed to fetch tile (68646,45889,17) 5 times, giving up. Last error message was: 'Network Not Available' (default:unknown:0)
   456.051 - warning: QGeoTileRequestManager: Failed to fetch tile (68647,45889,17) 5 times, giving up. Last error message was: 'Network Not Available' (default:unknown:0)
   456.052 - warning: QGeoTileRequestManager: Failed to fetch tile (68648,45889,17) 5 times, giving up. Last error message was: 'Network Not Available' (default:unknown:0)
   456.052 - warning: QGeoTileRequestManager: Failed to fetch tile (68649,45889,17) 5 times, giving up. Last error message was: 'Network Not Available' (default:unknown:0)
   456.054 - warning: QGeoTileRequestManager: Failed to fetch tile (68650,45889,17) 5 times, giving up. Last error message was: 'Network Not Available' (default:unknown:0)
   456.055 - warning: QGeoTileRequestManager: Failed to fetch tile (68651,45889,17) 5 times, giving up. Last error message was: 'Network Not Available' (default:unknown:0)
   456.056 - warning: QGeoTileRequestManager: Failed to fetch tile (68643,45890,17) 5 times, giving up. Last error message was: 'Network Not Available' (default:unknown:0)
   456.057 - warning: QGeoTileRequestManager: Failed to fetch tile (68644,45890,17) 5 times, giving up. Last error message was: 'Network Not Available' (default:unknown:0)
   456.058 - warning: QGeoTileRequestManager: Failed to fetch tile (68645,45890,17) 5 times, giving up. Last error message was: 'Network Not Available' (default:unknown:0)
   456.059 - warning: QGeoTileRequestManager: Failed to fetch tile (68646,45890,17) 5 times, giving up. Last error message was: 'Network Not Available' (default:unknown:0)
   456.060 - warning: QGeoTileRequestManager: Failed to fetch tile (68647,45890,17) 5 times, giving up. Last error message was: 'Network Not Available' (default:unknown:0)
   456.060 - warning: QGeoTileRequestManager: Failed to fetch tile (68648,45890,17) 5 times, giving up. Last error message was: 'Network Not Available' (default:unknown:0)
   456.060 - warning: QGeoTileRequestManager: Failed to fetch tile (68649,45890,17) 5 times, giving up. Last error message was: 'Network Not Available' (default:unknown:0)
   457.014 - warning: QGeoTileRequestManager: Failed to fetch tile (68650,45890,17) 5 times, giving up. Last error message was: 'Network Not Available' (default:unknown:0)
   457.015 - warning: QGeoTileRequestManager: Failed to fetch tile (68651,45890,17) 5 times, giving up. Last error message was: 'Network Not Available' (default:unknown:0)
   472.024 - warning: QGeoTileRequestManager: Failed to fetch tile (68643,45886,17) 5 times, giving up. Last error message was: 'Network Not Available' (default:unknown:0)
   472.025 - warning: QGeoTileRequestManager: Failed to fetch tile (68644,45886,17) 5 times, giving up. Last error message was: 'Network Not Available' (default:unknown:0)
   472.025 - warning: QGeoTileRequestManager: Failed to fetch tile (68645,45886,17) 5 times, giving up. Last error message was: 'Network Not Available' (default:unknown:0)
   472.025 - warning: QGeoTileRequestManager: Failed to fetch tile (68646,45886,17) 5 times, giving up. Last error message was: 'Network Not Available' (default:unknown:0)
   472.025 - warning: QGeoTileRequestManager: Failed to fetch tile (68647,45886,17) 5 times, giving up. Last error message was: 'Network Not Available' (default:unknown:0)
   472.025 - warning: QGeoTileRequestManager: Failed to fetch tile (68648,45886,17) 5 times, giving up. Last error message was: 'Network Not Available' (default:unknown:0)
   472.025 - warning: QGeoTileRequestManager: Failed to fetch tile (68649,45886,17) 5 times, giving up. Last error message was: 'Network Not Available' (default:unknown:0)
   472.025 - warning: QGeoTileRequestManager: Failed to fetch tile (68650,45886,17) 5 times, giving up. Last error message was: 'Network Not Available' (default:unknown:0)
   472.025 - warning: QGeoTileRequestManager: Failed to fetch tile (68651,45886,17) 5 times, giving up. Last error message was: 'Network Not Available' (default:unknown:0)
   472.026 - warning: QGeoTileRequestManager: Failed to fetch tile (68643,45887,17) 5 times, giving up. Last error message was: 'Network Not Available' (default:unknown:0)
   472.026 - warning: QGeoTileRequestManager: Failed to fetch tile (68644,45887,17) 5 times, giving up. Last error message was: 'Network Not Available' (default:unknown:0)
   472.026 - warning: QGeoTileRequestManager: Failed to fetch tile (68645,45887,17) 5 times, giving up. Last error message was: 'Network Not Available' (default:unknown:0)
   472.028 - warning: QGeoTileRequestManager: Failed to fetch tile (68646,45887,17) 5 times, giving up. Last error message was: 'Network Not Available' (default:unknown:0)
   472.029 - warning: QGeoTileRequestManager: Failed to fetch tile (68647,45887,17) 5 times, giving up. Last error message was: 'Network Not Available' (default:unknown:0)
   472.030 - warning: QGeoTileRequestManager: Failed to fetch tile (68648,45887,17) 5 times, giving up. Last error message was: 'Network Not Available' (default:unknown:0)
   472.030 - warning: QGeoTileRequestManager: Failed to fetch tile (68649,45887,17) 5 times, giving up. Last error message was: 'Network Not Available' (default:unknown:0)
   472.031 - warning: QGeoTileRequestManager: Failed to fetch tile (68650,45887,17) 5 times, giving up. Last error message was: 'Network Not Available' (default:unknown:0)
   472.033 - warning: QGeoTileRequestManager: Failed to fetch tile (68651,45887,17) 5 times, giving up. Last error message was: 'Network Not Available' (default:unknown:0)
   472.033 - warning: QGeoTileRequestManager: Failed to fetch tile (68643,45888,17) 5 times, giving up. Last error message was: 'Network Not Available' (default:unknown:0)
   472.034 - warning: QGeoTileRequestManager: Failed to fetch tile (68644,45888,17) 5 times, giving up. Last error message was: 'Network Not Available' (default:unknown:0)
   472.035 - warning: QGeoTileRequestManager: Failed to fetch tile (68645,45888,17) 5 times, giving up. Last error message was: 'Network Not Available' (default:unknown:0)
   472.036 - warning: QGeoTileRequestManager: Failed to fetch tile (68646,45888,17) 5 times, giving up. Last error message was: 'Network Not Available' (default:unknown:0)
   472.037 - warning: QGeoTileRequestManager: Failed to fetch tile (68647,45888,17) 5 times, giving up. Last error message was: 'Network Not Available' (default:unknown:0)
   472.038 - warning: QGeoTileRequestManager: Failed to fetch tile (68648,45888,17) 5 times, giving up. Last error message was: 'Network Not Available' (default:unknown:0)
   472.039 - warning: QGeoTileRequestManager: Failed to fetch tile (68649,45888,17) 5 times, giving up. Last error message was: 'Network Not Available' (default:unknown:0)
   472.040 - warning: QGeoTileRequestManager: Failed to fetch tile (68650,45888,17) 5 times, giving up. Last error message was: 'Network Not Available' (default:unknown:0)
   472.041 - warning: QGeoTileRequestManager: Failed to fetch tile (68651,45888,17) 5 times, giving up. Last error message was: 'Network Not Available' (default:unknown:0)
   472.042 - warning: QGeoTileRequestManager: Failed to fetch tile (68643,45889,17) 5 times, giving up. Last error message was: 'Network Not Available' (default:unknown:0)
   472.043 - warning: QGeoTileRequestManager: Failed to fetch tile (68644,45889,17) 5 times, giving up. Last error message was: 'Network Not Available' (default:unknown:0)
   472.045 - warning: QGeoTileRequestManager: Failed to fetch tile (68645,45889,17) 5 times, giving up. Last error message was: 'Network Not Available' (default:unknown:0)
   472.045 - warning: QGeoTileRequestManager: Failed to fetch tile (68646,45889,17) 5 times, giving up. Last error message was: 'Network Not Available' (default:unknown:0)
   472.046 - warning: QGeoTileRequestManager: Failed to fetch tile (68647,45889,17) 5 times, giving up. Last error message was: 'Network Not Available' (default:unknown:0)
   472.047 - warning: QGeoTileRequestManager: Failed to fetch tile (68648,45889,17) 5 times, giving up. Last error message was: 'Network Not Available' (default:unknown:0)
   472.049 - warning: QGeoTileRequestManager: Failed to fetch tile (68649,45889,17) 5 times, giving up. Last error message was: 'Network Not Available' (default:unknown:0)
   472.050 - warning: QGeoTileRequestManager: Failed to fetch tile (68650,45889,17) 5 times, giving up. Last error message was: 'Network Not Available' (default:unknown:0)
   472.050 - warning: QGeoTileRequestManager: Failed to fetch tile (68651,45889,17) 5 times, giving up. Last error message was: 'Network Not Available' (default:unknown:0)
   472.051 - warning: QGeoTileRequestManager: Failed to fetch tile (68643,45890,17) 5 times, giving up. Last error message was: 'Network Not Available' (default:unknown:0)
   472.053 - warning: QGeoTileRequestManager: Failed to fetch tile (68644,45890,17) 5 times, giving up. Last error message was: 'Network Not Available' (default:unknown:0)
   472.054 - warning: QGeoTileRequestManager: Failed to fetch tile (68645,45890,17) 5 times, giving up. Last error message was: 'Network Not Available' (default:unknown:0)
   472.055 - warning: QGeoTileRequestManager: Failed to fetch tile (68646,45890,17) 5 times, giving up. Last error message was: 'Network Not Available' (default:unknown:0)
   472.057 - warning: QGeoTileRequestManager: Failed to fetch tile (68647,45890,17) 5 times, giving up. Last error message was: 'Network Not Available' (default:unknown:0)
   472.057 - warning: QGeoTileRequestManager: Failed to fetch tile (68648,45890,17) 5 times, giving up. Last error message was: 'Network Not Available' (default:unknown:0)
   472.057 - warning: QGeoTileRequestManager: Failed to fetch tile (68649,45890,17) 5 times, giving up. Last error message was: 'Network Not Available' (default:unknown:0)
   473.014 - warning: QGeoTileRequestManager: Failed to fetch tile (68650,45890,17) 5 times, giving up. Last error message was: 'Network Not Available' (default:unknown:0)
   473.014 - warning: QGeoTileRequestManager: Failed to fetch tile (68651,45890,17) 5 times, giving up. Last error message was: 'Network Not Available' (default:unknown:0)
   488.024 - warning: QGeoTileRequestManager: Failed to fetch tile (68643,45886,17) 5 times, giving up. Last error message was: 'Network Not Available' (default:unknown:0)
   488.025 - warning: QGeoTileRequestManager: Failed to fetch tile (68644,45886,17) 5 times, giving up. Last error message was: 'Network Not Available' (default:unknown:0)
   488.025 - warning: QGeoTileRequestManager: Failed to fetch tile (68645,45886,17) 5 times, giving up. Last error message was: 'Network Not Available' (default:unknown:0)
   488.026 - warning: QGeoTileRequestManager: Failed to fetch tile (68646,45886,17) 5 times, giving up. Last error message was: 'Network Not Available' (default:unknown:0)
   488.026 - warning: QGeoTileRequestManager: Failed to fetch tile (68647,45886,17) 5 times, giving up. Last error message was: 'Network Not Available' (default:unknown:0)
   488.026 - warning: QGeoTileRequestManager: Failed to fetch tile (68648,45886,17) 5 times, giving up. Last error message was: 'Network Not Available' (default:unknown:0)
   488.026 - warning: QGeoTileRequestManager: Failed to fetch tile (68649,45886,17) 5 times, giving up. Last error message was: 'Network Not Available' (default:unknown:0)
   488.026 - warning: QGeoTileRequestManager: Failed to fetch tile (68650,45886,17) 5 times, giving up. Last error message was: 'Network Not Available' (default:unknown:0)
   488.026 - warning: QGeoTileRequestManager: Failed to fetch tile (68651,45886,17) 5 times, giving up. Last error message was: 'Network Not Available' (default:unknown:0)
   488.026 - warning: QGeoTileRequestManager: Failed to fetch tile (68643,45887,17) 5 times, giving up. Last error message was: 'Network Not Available' (default:unknown:0)
   488.026 - warning: QGeoTileRequestManager: Failed to fetch tile (68644,45887,17) 5 times, giving up. Last error message was: 'Network Not Available' (default:unknown:0)
   488.026 - warning: QGeoTileRequestManager: Failed to fetch tile (68645,45887,17) 5 times, giving up. Last error message was: 'Network Not Available' (default:unknown:0)
   488.027 - warning: QGeoTileRequestManager: Failed to fetch tile (68646,45887,17) 5 times, giving up. Last error message was: 'Network Not Available' (default:unknown:0)
   488.028 - warning: QGeoTileRequestManager: Failed to fetch tile (68647,45887,17) 5 times, giving up. Last error message was: 'Network Not Available' (default:unknown:0)
   488.030 - warning: QGeoTileRequestManager: Failed to fetch tile (68648,45887,17) 5 times, giving up. Last error message was: 'Network Not Available' (default:unknown:0)
   488.030 - warning: QGeoTileRequestManager: Failed to fetch tile (68649,45887,17) 5 times, giving up. Last error message was: 'Network Not Available' (default:unknown:0)
   488.032 - warning: QGeoTileRequestManager: Failed to fetch tile (68650,45887,17) 5 times, giving up. Last error message was: 'Network Not Available' (default:unknown:0)
   488.033 - warning: QGeoTileRequestManager: Failed to fetch tile (68651,45887,17) 5 times, giving up. Last error message was: 'Network Not Available' (default:unknown:0)
   488.034 - warning: QGeoTileRequestManager: Failed to fetch tile (68643,45888,17) 5 times, giving up. Last error message was: 'Network Not Available' (default:unknown:0)
   488.035 - warning: QGeoTileRequestManager: Failed to fetch tile (68644,45888,17) 5 times, giving up. Last error message was: 'Network Not Available' (default:unknown:0)
   488.036 - warning: QGeoTileRequestManager: Failed to fetch tile (68645,45888,17) 5 times, giving up. Last error message was: 'Network Not Available' (default:unknown:0)
   488.037 - warning: QGeoTileRequestManager: Failed to fetch tile (68646,45888,17) 5 times, giving up. Last error message was: 'Network Not Available' (default:unknown:0)
   488.038 - warning: QGeoTileRequestManager: Failed to fetch tile (68647,45888,17) 5 times, giving up. Last error message was: 'Network Not Available' (default:unknown:0)
   488.038 - warning: QGeoTileRequestManager: Failed to fetch tile (68648,45888,17) 5 times, giving up. Last error message was: 'Network Not Available' (default:unknown:0)
   488.039 - warning: QGeoTileRequestManager: Failed to fetch tile (68649,45888,17) 5 times, giving up. Last error message was: 'Network Not Available' (default:unknown:0)
   488.041 - warning: QGeoTileRequestManager: Failed to fetch tile (68650,45888,17) 5 times, giving up. Last error message was: 'Network Not Available' (default:unknown:0)
   488.041 - warning: QGeoTileRequestManager: Failed to fetch tile (68651,45888,17) 5 times, giving up. Last error message was: 'Network Not Available' (default:unknown:0)
   488.042 - warning: QGeoTileRequestManager: Failed to fetch tile (68643,45889,17) 5 times, giving up. Last error message was: 'Network Not Available' (default:unknown:0)
   488.044 - warning: QGeoTileRequestManager: Failed to fetch tile (68644,45889,17) 5 times, giving up. Last error message was: 'Network Not Available' (default:unknown:0)
   488.045 - warning: QGeoTileRequestManager: Failed to fetch tile (68645,45889,17) 5 times, giving up. Last error message was: 'Network Not Available' (default:unknown:0)
   488.046 - warning: QGeoTileRequestManager: Failed to fetch tile (68646,45889,17) 5 times, giving up. Last error message was: 'Network Not Available' (default:unknown:0)
   488.046 - warning: QGeoTileRequestManager: Failed to fetch tile (68647,45889,17) 5 times, giving up. Last error message was: 'Network Not Available' (default:unknown:0)
   488.047 - warning: QGeoTileRequestManager: Failed to fetch tile (68648,45889,17) 5 times, giving up. Last error message was: 'Network Not Available' (default:unknown:0)
   488.049 - warning: QGeoTileRequestManager: Failed to fetch tile (68649,45889,17) 5 times, giving up. Last error message was: 'Network Not Available' (default:unknown:0)
   488.050 - warning: QGeoTileRequestManager: Failed to fetch tile (68650,45889,17) 5 times, giving up. Last error message was: 'Network Not Available' (default:unknown:0)
   488.050 - warning: QGeoTileRequestManager: Failed to fetch tile (68651,45889,17) 5 times, giving up. Last error message was: 'Network Not Available' (default:unknown:0)
   488.051 - warning: QGeoTileRequestManager: Failed to fetch tile (68643,45890,17) 5 times, giving up. Last error message was: 'Network Not Available' (default:unknown:0)
   488.053 - warning: QGeoTileRequestManager: Failed to fetch tile (68644,45890,17) 5 times, giving up. Last error message was: 'Network Not Available' (default:unknown:0)
   488.054 - warning: QGeoTileRequestManager: Failed to fetch tile (68645,45890,17) 5 times, giving up. Last error message was: 'Network Not Available' (default:unknown:0)
   488.054 - warning: QGeoTileRequestManager: Failed to fetch tile (68646,45890,17) 5 times, giving up. Last error message was: 'Network Not Available' (default:unknown:0)
   488.055 - warning: QGeoTileRequestManager: Failed to fetch tile (68647,45890,17) 5 times, giving up. Last error message was: 'Network Not Available' (default:unknown:0)
   488.055 - warning: QGeoTileRequestManager: Failed to fetch tile (68648,45890,17) 5 times, giving up. Last error message was: 'Network Not Available' (default:unknown:0)
   488.055 - warning: QGeoTileRequestManager: Failed to fetch tile (68649,45890,17) 5 times, giving up. Last error message was: 'Network Not Available' (default:unknown:0)
   489.014 - warning: QGeoTileRequestManager: Failed to fetch tile (68650,45890,17) 5 times, giving up. Last error message was: 'Network Not Available' (default:unknown:0)
   489.014 - warning: QGeoTileRequestManager: Failed to fetch tile (68651,45890,17) 5 times, giving up. Last error message was: 'Network Not Available' (default:unknown:0)
   504.024 - warning: QGeoTileRequestManager: Failed to fetch tile (68643,45886,17) 5 times, giving up. Last error message was: 'Network Not Available' (default:unknown:0)
   504.025 - warning: QGeoTileRequestManager: Failed to fetch tile (68644,45886,17) 5 times, giving up. Last error message was: 'Network Not Available' (default:unknown:0)
   504.025 - warning: QGeoTileRequestManager: Failed to fetch tile (68645,45886,17) 5 times, giving up. Last error message was: 'Network Not Available' (default:unknown:0)
   504.025 - warning: QGeoTileRequestManager: Failed to fetch tile (68646,45886,17) 5 times, giving up. Last error message was: 'Network Not Available' (default:unknown:0)
   504.025 - warning: QGeoTileRequestManager: Failed to fetch tile (68647,45886,17) 5 times, giving up. Last error message was: 'Network Not Available' (default:unknown:0)
   504.025 - warning: QGeoTileRequestManager: Failed to fetch tile (68648,45886,17) 5 times, giving up. Last error message was: 'Network Not Available' (default:unknown:0)
   504.025 - warning: QGeoTileRequestManager: Failed to fetch tile (68649,45886,17) 5 times, giving up. Last error message was: 'Network Not Available' (default:unknown:0)
   504.025 - warning: QGeoTileRequestManager: Failed to fetch tile (68650,45886,17) 5 times, giving up. Last error message was: 'Network Not Available' (default:unknown:0)
   504.025 - warning: QGeoTileRequestManager: Failed to fetch tile (68651,45886,17) 5 times, giving up. Last error message was: 'Network Not Available' (default:unknown:0)
   504.025 - warning: QGeoTileRequestManager: Failed to fetch tile (68643,45887,17) 5 times, giving up. Last error message was: 'Network Not Available' (default:unknown:0)
   504.025 - warning: QGeoTileRequestManager: Failed to fetch tile (68644,45887,17) 5 times, giving up. Last error message was: 'Network Not Available' (default:unknown:0)
   504.025 - warning: QGeoTileRequestManager: Failed to fetch tile (68645,45887,17) 5 times, giving up. Last error message was: 'Network Not Available' (default:unknown:0)
   504.025 - warning: QGeoTileRequestManager: Failed to fetch tile (68646,45887,17) 5 times, giving up. Last error message was: 'Network Not Available' (default:unknown:0)
   504.026 - warning: QGeoTileRequestManager: Failed to fetch tile (68647,45887,17) 5 times, giving up. Last error message was: 'Network Not Available' (default:unknown:0)
   504.026 - warning: QGeoTileRequestManager: Failed to fetch tile (68648,45887,17) 5 times, giving up. Last error message was: 'Network Not Available' (default:unknown:0)
   504.026 - warning: QGeoTileRequestManager: Failed to fetch tile (68649,45887,17) 5 times, giving up. Last error message was: 'Network Not Available' (default:unknown:0)
   504.026 - warning: QGeoTileRequestManager: Failed to fetch tile (68650,45887,17) 5 times, giving up. Last error message was: 'Network Not Available' (default:unknown:0)
   504.027 - warning: QGeoTileRequestManager: Failed to fetch tile (68651,45887,17) 5 times, giving up. Last error message was: 'Network Not Available' (default:unknown:0)
   504.028 - warning: QGeoTileRequestManager: Failed to fetch tile (68643,45888,17) 5 times, giving up. Last error message was: 'Network Not Available' (default:unknown:0)
   504.030 - warning: QGeoTileRequestManager: Failed to fetch tile (68644,45888,17) 5 times, giving up. Last error message was: 'Network Not Available' (default:unknown:0)
   504.031 - warning: QGeoTileRequestManager: Failed to fetch tile (68645,45888,17) 5 times, giving up. Last error message was: 'Network Not Available' (default:unknown:0)
   504.032 - warning: QGeoTileRequestManager: Failed to fetch tile (68646,45888,17) 5 times, giving up. Last error message was: 'Network Not Available' (default:unknown:0)
   504.033 - warning: QGeoTileRequestManager: Failed to fetch tile (68647,45888,17) 5 times, giving up. Last error message was: 'Network Not Available' (default:unknown:0)
   504.034 - warning: QGeoTileRequestManager: Failed to fetch tile (68648,45888,17) 5 times, giving up. Last error message was: 'Network Not Available' (default:unknown:0)
   504.035 - warning: QGeoTileRequestManager: Failed to fetch tile (68649,45888,17) 5 times, giving up. Last error message was: 'Network Not Available' (default:unknown:0)
   504.036 - warning: QGeoTileRequestManager: Failed to fetch tile (68650,45888,17) 5 times, giving up. Last error message was: 'Network Not Available' (default:unknown:0)
   504.037 - warning: QGeoTileRequestManager: Failed to fetch tile (68651,45888,17) 5 times, giving up. Last error message was: 'Network Not Available' (default:unknown:0)
   504.038 - warning: QGeoTileRequestManager: Failed to fetch tile (68643,45889,17) 5 times, giving up. Last error message was: 'Network Not Available' (default:unknown:0)
   504.038 - warning: QGeoTileRequestManager: Failed to fetch tile (68644,45889,17) 5 times, giving up. Last error message was: 'Network Not Available' (default:unknown:0)
   504.039 - warning: QGeoTileRequestManager: Failed to fetch tile (68645,45889,17) 5 times, giving up. Last error message was: 'Network Not Available' (default:unknown:0)
   504.039 - warning: QGeoTileRequestManager: Failed to fetch tile (68646,45889,17) 5 times, giving up. Last error message was: 'Network Not Available' (default:unknown:0)
   504.040 - warning: QGeoTileRequestManager: Failed to fetch tile (68647,45889,17) 5 times, giving up. Last error message was: 'Network Not Available' (default:unknown:0)
   504.041 - warning: QGeoTileRequestManager: Failed to fetch tile (68648,45889,17) 5 times, giving up. Last error message was: 'Network Not Available' (default:unknown:0)
   504.041 - warning: QGeoTileRequestManager: Failed to fetch tile (68649,45889,17) 5 times, giving up. Last error message was: 'Network Not Available' (default:unknown:0)
   504.042 - warning: QGeoTileRequestManager: Failed to fetch tile (68650,45889,17) 5 times, giving up. Last error message was: 'Network Not Available' (default:unknown:0)
   504.043 - warning: QGeoTileRequestManager: Failed to fetch tile (68651,45889,17) 5 times, giving up. Last error message was: 'Network Not Available' (default:unknown:0)
   504.043 - warning: QGeoTileRequestManager: Failed to fetch tile (68643,45890,17) 5 times, giving up. Last error message was: 'Network Not Available' (default:unknown:0)
   504.044 - warning: QGeoTileRequestManager: Failed to fetch tile (68644,45890,17) 5 times, giving up. Last error message was: 'Network Not Available' (default:unknown:0)
   504.045 - warning: QGeoTileRequestManager: Failed to fetch tile (68645,45890,17) 5 times, giving up. Last error message was: 'Network Not Available' (default:unknown:0)
   504.046 - warning: QGeoTileRequestManager: Failed to fetch tile (68646,45890,17) 5 times, giving up. Last error message was: 'Network Not Available' (default:unknown:0)
   504.046 - warning: QGeoTileRequestManager: Failed to fetch tile (68647,45890,17) 5 times, giving up. Last error message was: 'Network Not Available' (default:unknown:0)
   504.047 - warning: QGeoTileRequestManager: Failed to fetch tile (68648,45890,17) 5 times, giving up. Last error message was: 'Network Not Available' (default:unknown:0)
   504.047 - warning: QGeoTileRequestManager: Failed to fetch tile (68649,45890,17) 5 times, giving up. Last error message was: 'Network Not Available' (default:unknown:0)
   505.014 - warning: QGeoTileRequestManager: Failed to fetch tile (68650,45890,17) 5 times, giving up. Last error message was: 'Network Not Available' (default:unknown:0)
   505.014 - warning: QGeoTileRequestManager: Failed to fetch tile (68651,45890,17) 5 times, giving up. Last error message was: 'Network Not Available' (default:unknown:0)
   510.655 - warning: "There are still \"10\" items in the process of being created at engine destruction." (default:unknown:0)
   510.733 - debug: Exiting main (default:unknown:0)
