     0.050 - debug: Settings location "/home/priyanshu/.config/QGroundControl/QGroundControl.ini" Is writable?: true (qgc.qgcapplication:unknown:0)
     0.058 - debug: Filter rules "*Log.debug=false\nqgc.*.debug=false\nqgc.videomanager.videoreceiver.gstreamer.api.debug=true\nqt.qml.connections=false" (qgc.utilities.qgcloggingcategory:unknown:0)
     6.010 - critical: Error loading text-to-speech plug-in "speechd" (default:unknown:0)
     8.157 - info: qrc:/qml/QGroundControl/Controls/SimpleItemMapVisual.qml: Object or context destroyed during incubation (default:unknown:-1)
    23.415 - warning: QGeoTileRequestManager: Failed to fetch tile (68646,45889,17) 5 times, giving up. Last error message was: 'Network Not Available' (default:unknown:0)
    23.415 - warning: QGeoTileRequestManager: Failed to fetch tile (68646,45889,17) 5 times, giving up. Last error message was: 'Network Not Available' (default:unknown:0)
    23.415 - warning: QGeoTileRequestManager: Failed to fetch tile (68647,45889,17) 5 times, giving up. Last error message was: 'Network Not Available' (default:unknown:0)
    23.420 - warning: QGeoTileRequestManager: Failed to fetch tile (68647,45889,17) 5 times, giving up. Last error message was: 'Network Not Available' (default:unknown:0)
    23.420 - warning: QGeoTileRequestManager: Failed to fetch tile (68648,45889,17) 5 times, giving up. Last error message was: 'Network Not Available' (default:unknown:0)
    23.420 - warning: QGeoTileRequestManager: Failed to fetch tile (68648,45889,17) 5 times, giving up. Last error message was: 'Network Not Available' (default:unknown:0)
    23.420 - warning: QGeoTileRequestManager: Failed to fetch tile (68649,45889,17) 5 times, giving up. Last error message was: 'Network Not Available' (default:unknown:0)
    23.421 - warning: QGeoTileRequestManager: Failed to fetch tile (68649,45889,17) 5 times, giving up. Last error message was: 'Network Not Available' (default:unknown:0)
    23.421 - warning: QGeoTileRequestManager: Failed to fetch tile (68650,45889,17) 5 times, giving up. Last error message was: 'Network Not Available' (default:unknown:0)
    23.421 - warning: QGeoTileRequestManager: Failed to fetch tile (68650,45889,17) 5 times, giving up. Last error message was: 'Network Not Available' (default:unknown:0)
    23.421 - warning: QGeoTileRequestManager: Failed to fetch tile (68651,45889,17) 5 times, giving up. Last error message was: 'Network Not Available' (default:unknown:0)
    23.421 - warning: QGeoTileRequestManager: Failed to fetch tile (68651,45889,17) 5 times, giving up. Last error message was: 'Network Not Available' (default:unknown:0)
    23.423 - warning: QGeoTileRequestManager: Failed to fetch tile (68643,45890,17) 5 times, giving up. Last error message was: 'Network Not Available' (default:unknown:0)
    23.423 - warning: QGeoTileRequestManager: Failed to fetch tile (68643,45890,17) 5 times, giving up. Last error message was: 'Network Not Available' (default:unknown:0)
    23.426 - warning: QGeoTileRequestManager: Failed to fetch tile (68644,45890,17) 5 times, giving up. Last error message was: 'Network Not Available' (default:unknown:0)
    23.426 - warning: QGeoTileRequestManager: Failed to fetch tile (68644,45890,17) 5 times, giving up. Last error message was: 'Network Not Available' (default:unknown:0)
    23.428 - warning: QGeoTileRequestManager: Failed to fetch tile (68645,45890,17) 5 times, giving up. Last error message was: 'Network Not Available' (default:unknown:0)
    23.428 - warning: QGeoTileRequestManager: Failed to fetch tile (68645,45890,17) 5 times, giving up. Last error message was: 'Network Not Available' (default:unknown:0)
    23.428 - warning: QGeoTileRequestManager: Failed to fetch tile (68646,45890,17) 5 times, giving up. Last error message was: 'Network Not Available' (default:unknown:0)
    23.429 - warning: QGeoTileRequestManager: Failed to fetch tile (68646,45890,17) 5 times, giving up. Last error message was: 'Network Not Available' (default:unknown:0)
    23.429 - warning: QGeoTileRequestManager: Failed to fetch tile (68647,45890,17) 5 times, giving up. Last error message was: 'Network Not Available' (default:unknown:0)
    23.431 - warning: QGeoTileRequestManager: Failed to fetch tile (68647,45890,17) 5 times, giving up. Last error message was: 'Network Not Available' (default:unknown:0)
    23.433 - warning: QGeoTileRequestManager: Failed to fetch tile (68648,45890,17) 5 times, giving up. Last error message was: 'Network Not Available' (default:unknown:0)
    23.433 - warning: QGeoTileRequestManager: Failed to fetch tile (68648,45890,17) 5 times, giving up. Last error message was: 'Network Not Available' (default:unknown:0)
    23.433 - warning: QGeoTileRequestManager: Failed to fetch tile (68649,45890,17) 5 times, giving up. Last error message was: 'Network Not Available' (default:unknown:0)
    23.436 - warning: QGeoTileRequestManager: Failed to fetch tile (68649,45890,17) 5 times, giving up. Last error message was: 'Network Not Available' (default:unknown:0)
    23.436 - warning: QGeoTileRequestManager: Failed to fetch tile (68650,45890,17) 5 times, giving up. Last error message was: 'Network Not Available' (default:unknown:0)
    23.436 - warning: QGeoTileRequestManager: Failed to fetch tile (68650,45890,17) 5 times, giving up. Last error message was: 'Network Not Available' (default:unknown:0)
    23.436 - warning: QGeoTileRequestManager: Failed to fetch tile (68651,45890,17) 5 times, giving up. Last error message was: 'Network Not Available' (default:unknown:0)
    23.436 - warning: QGeoTileRequestManager: Failed to fetch tile (68651,45890,17) 5 times, giving up. Last error message was: 'Network Not Available' (default:unknown:0)
    23.436 - warning: QGeoTileRequestManager: Failed to fetch tile (68643,45886,17) 5 times, giving up. Last error message was: 'Network Not Available' (default:unknown:0)
    23.436 - warning: QGeoTileRequestManager: Failed to fetch tile (68643,45886,17) 5 times, giving up. Last error message was: 'Network Not Available' (default:unknown:0)
    23.436 - warning: QGeoTileRequestManager: Failed to fetch tile (68644,45886,17) 5 times, giving up. Last error message was: 'Network Not Available' (default:unknown:0)
    23.439 - warning: QGeoTileRequestManager: Failed to fetch tile (68644,45886,17) 5 times, giving up. Last error message was: 'Network Not Available' (default:unknown:0)
    23.439 - warning: QGeoTileRequestManager: Failed to fetch tile (68645,45886,17) 5 times, giving up. Last error message was: 'Network Not Available' (default:unknown:0)
    23.439 - warning: QGeoTileRequestManager: Failed to fetch tile (68645,45886,17) 5 times, giving up. Last error message was: 'Network Not Available' (default:unknown:0)
    23.440 - warning: QGeoTileRequestManager: Failed to fetch tile (68646,45886,17) 5 times, giving up. Last error message was: 'Network Not Available' (default:unknown:0)
    23.440 - warning: QGeoTileRequestManager: Failed to fetch tile (68646,45886,17) 5 times, giving up. Last error message was: 'Network Not Available' (default:unknown:0)
    23.460 - warning: QGeoTileRequestManager: Failed to fetch tile (68647,45886,17) 5 times, giving up. Last error message was: 'Network Not Available' (default:unknown:0)
    23.462 - warning: QGeoTileRequestManager: Failed to fetch tile (68647,45886,17) 5 times, giving up. Last error message was: 'Network Not Available' (default:unknown:0)
    23.462 - warning: QGeoTileRequestManager: Failed to fetch tile (68648,45886,17) 5 times, giving up. Last error message was: 'Network Not Available' (default:unknown:0)
    23.462 - warning: QGeoTileRequestManager: Failed to fetch tile (68648,45886,17) 5 times, giving up. Last error message was: 'Network Not Available' (default:unknown:0)
    23.463 - warning: QGeoTileRequestManager: Failed to fetch tile (68649,45886,17) 5 times, giving up. Last error message was: 'Network Not Available' (default:unknown:0)
    23.463 - warning: QGeoTileRequestManager: Failed to fetch tile (68649,45886,17) 5 times, giving up. Last error message was: 'Network Not Available' (default:unknown:0)
    23.464 - warning: QGeoTileRequestManager: Failed to fetch tile (68650,45886,17) 5 times, giving up. Last error message was: 'Network Not Available' (default:unknown:0)
    23.464 - warning: QGeoTileRequestManager: Failed to fetch tile (68650,45886,17) 5 times, giving up. Last error message was: 'Network Not Available' (default:unknown:0)
    23.465 - warning: QGeoTileRequestManager: Failed to fetch tile (68651,45886,17) 5 times, giving up. Last error message was: 'Network Not Available' (default:unknown:0)
    23.465 - warning: QGeoTileRequestManager: Failed to fetch tile (68651,45886,17) 5 times, giving up. Last error message was: 'Network Not Available' (default:unknown:0)
    23.466 - warning: QGeoTileRequestManager: Failed to fetch tile (68643,45887,17) 5 times, giving up. Last error message was: 'Network Not Available' (default:unknown:0)
    23.466 - warning: QGeoTileRequestManager: Failed to fetch tile (68643,45887,17) 5 times, giving up. Last error message was: 'Network Not Available' (default:unknown:0)
    23.468 - warning: QGeoTileRequestManager: Failed to fetch tile (68644,45887,17) 5 times, giving up. Last error message was: 'Network Not Available' (default:unknown:0)
    23.468 - warning: QGeoTileRequestManager: Failed to fetch tile (68644,45887,17) 5 times, giving up. Last error message was: 'Network Not Available' (default:unknown:0)
    23.469 - warning: QGeoTileRequestManager: Failed to fetch tile (68645,45887,17) 5 times, giving up. Last error message was: 'Network Not Available' (default:unknown:0)
    23.470 - warning: QGeoTileRequestManager: Failed to fetch tile (68645,45887,17) 5 times, giving up. Last error message was: 'Network Not Available' (default:unknown:0)
    23.471 - warning: QGeoTileRequestManager: Failed to fetch tile (68646,45887,17) 5 times, giving up. Last error message was: 'Network Not Available' (default:unknown:0)
    23.471 - warning: QGeoTileRequestManager: Failed to fetch tile (68646,45887,17) 5 times, giving up. Last error message was: 'Network Not Available' (default:unknown:0)
    23.472 - warning: QGeoTileRequestManager: Failed to fetch tile (68647,45887,17) 5 times, giving up. Last error message was: 'Network Not Available' (default:unknown:0)
    23.472 - warning: QGeoTileRequestManager: Failed to fetch tile (68647,45887,17) 5 times, giving up. Last error message was: 'Network Not Available' (default:unknown:0)
    23.472 - warning: QGeoTileRequestManager: Failed to fetch tile (68648,45887,17) 5 times, giving up. Last error message was: 'Network Not Available' (default:unknown:0)
    23.472 - warning: QGeoTileRequestManager: Failed to fetch tile (68648,45887,17) 5 times, giving up. Last error message was: 'Network Not Available' (default:unknown:0)
    23.474 - warning: QGeoTileRequestManager: Failed to fetch tile (68649,45887,17) 5 times, giving up. Last error message was: 'Network Not Available' (default:unknown:0)
    23.474 - warning: QGeoTileRequestManager: Failed to fetch tile (68649,45887,17) 5 times, giving up. Last error message was: 'Network Not Available' (default:unknown:0)
    23.475 - warning: QGeoTileRequestManager: Failed to fetch tile (68650,45887,17) 5 times, giving up. Last error message was: 'Network Not Available' (default:unknown:0)
    23.475 - warning: QGeoTileRequestManager: Failed to fetch tile (68650,45887,17) 5 times, giving up. Last error message was: 'Network Not Available' (default:unknown:0)
    23.476 - warning: QGeoTileRequestManager: Failed to fetch tile (68651,45887,17) 5 times, giving up. Last error message was: 'Network Not Available' (default:unknown:0)
    23.476 - warning: QGeoTileRequestManager: Failed to fetch tile (68651,45887,17) 5 times, giving up. Last error message was: 'Network Not Available' (default:unknown:0)
    23.477 - warning: QGeoTileRequestManager: Failed to fetch tile (68643,45888,17) 5 times, giving up. Last error message was: 'Network Not Available' (default:unknown:0)
    23.477 - warning: QGeoTileRequestManager: Failed to fetch tile (68643,45888,17) 5 times, giving up. Last error message was: 'Network Not Available' (default:unknown:0)
    23.478 - warning: QGeoTileRequestManager: Failed to fetch tile (68644,45888,17) 5 times, giving up. Last error message was: 'Network Not Available' (default:unknown:0)
    23.478 - warning: QGeoTileRequestManager: Failed to fetch tile (68644,45888,17) 5 times, giving up. Last error message was: 'Network Not Available' (default:unknown:0)
    23.479 - warning: QGeoTileRequestManager: Failed to fetch tile (68645,45888,17) 5 times, giving up. Last error message was: 'Network Not Available' (default:unknown:0)
    23.480 - warning: QGeoTileRequestManager: Failed to fetch tile (68645,45888,17) 5 times, giving up. Last error message was: 'Network Not Available' (default:unknown:0)
    23.481 - warning: QGeoTileRequestManager: Failed to fetch tile (68646,45888,17) 5 times, giving up. Last error message was: 'Network Not Available' (default:unknown:0)
    23.481 - warning: QGeoTileRequestManager: Failed to fetch tile (68646,45888,17) 5 times, giving up. Last error message was: 'Network Not Available' (default:unknown:0)
    23.482 - warning: QGeoTileRequestManager: Failed to fetch tile (68647,45888,17) 5 times, giving up. Last error message was: 'Network Not Available' (default:unknown:0)
    23.482 - warning: QGeoTileRequestManager: Failed to fetch tile (68647,45888,17) 5 times, giving up. Last error message was: 'Network Not Available' (default:unknown:0)
    23.483 - warning: QGeoTileRequestManager: Failed to fetch tile (68648,45888,17) 5 times, giving up. Last error message was: 'Network Not Available' (default:unknown:0)
    23.483 - warning: QGeoTileRequestManager: Failed to fetch tile (68648,45888,17) 5 times, giving up. Last error message was: 'Network Not Available' (default:unknown:0)
    23.484 - warning: QGeoTileRequestManager: Failed to fetch tile (68649,45888,17) 5 times, giving up. Last error message was: 'Network Not Available' (default:unknown:0)
    23.484 - warning: QGeoTileRequestManager: Failed to fetch tile (68649,45888,17) 5 times, giving up. Last error message was: 'Network Not Available' (default:unknown:0)
    23.485 - warning: QGeoTileRequestManager: Failed to fetch tile (68650,45888,17) 5 times, giving up. Last error message was: 'Network Not Available' (default:unknown:0)
    23.485 - warning: QGeoTileRequestManager: Failed to fetch tile (68650,45888,17) 5 times, giving up. Last error message was: 'Network Not Available' (default:unknown:0)
    23.486 - warning: QGeoTileRequestManager: Failed to fetch tile (68651,45888,17) 5 times, giving up. Last error message was: 'Network Not Available' (default:unknown:0)
    23.486 - warning: QGeoTileRequestManager: Failed to fetch tile (68651,45888,17) 5 times, giving up. Last error message was: 'Network Not Available' (default:unknown:0)
    23.487 - warning: QGeoTileRequestManager: Failed to fetch tile (68643,45889,17) 5 times, giving up. Last error message was: 'Network Not Available' (default:unknown:0)
    23.487 - warning: QGeoTileRequestManager: Failed to fetch tile (68643,45889,17) 5 times, giving up. Last error message was: 'Network Not Available' (default:unknown:0)
    23.487 - warning: QGeoTileRequestManager: Failed to fetch tile (68644,45889,17) 5 times, giving up. Last error message was: 'Network Not Available' (default:unknown:0)
    23.488 - warning: QGeoTileRequestManager: Failed to fetch tile (68644,45889,17) 5 times, giving up. Last error message was: 'Network Not Available' (default:unknown:0)
    23.488 - warning: QGeoTileRequestManager: Failed to fetch tile (68645,45889,17) 5 times, giving up. Last error message was: 'Network Not Available' (default:unknown:0)
    23.488 - warning: QGeoTileRequestManager: Failed to fetch tile (68645,45889,17) 5 times, giving up. Last error message was: 'Network Not Available' (default:unknown:0)
    39.415 - warning: QGeoTileRequestManager: Failed to fetch tile (68647,45889,17) 5 times, giving up. Last error message was: 'Network Not Available' (default:unknown:0)
    39.415 - warning: QGeoTileRequestManager: Failed to fetch tile (68648,45889,17) 5 times, giving up. Last error message was: 'Network Not Available' (default:unknown:0)
    39.415 - warning: QGeoTileRequestManager: Failed to fetch tile (68649,45889,17) 5 times, giving up. Last error message was: 'Network Not Available' (default:unknown:0)
    39.415 - warning: QGeoTileRequestManager: Failed to fetch tile (68650,45889,17) 5 times, giving up. Last error message was: 'Network Not Available' (default:unknown:0)
    39.415 - warning: QGeoTileRequestManager: Failed to fetch tile (68651,45889,17) 5 times, giving up. Last error message was: 'Network Not Available' (default:unknown:0)
    39.419 - warning: QGeoTileRequestManager: Failed to fetch tile (68643,45890,17) 5 times, giving up. Last error message was: 'Network Not Available' (default:unknown:0)
    39.419 - warning: QGeoTileRequestManager: Failed to fetch tile (68644,45890,17) 5 times, giving up. Last error message was: 'Network Not Available' (default:unknown:0)
    39.419 - warning: QGeoTileRequestManager: Failed to fetch tile (68645,45890,17) 5 times, giving up. Last error message was: 'Network Not Available' (default:unknown:0)
    39.419 - warning: QGeoTileRequestManager: Failed to fetch tile (68646,45890,17) 5 times, giving up. Last error message was: 'Network Not Available' (default:unknown:0)
    39.420 - warning: QGeoTileRequestManager: Failed to fetch tile (68647,45890,17) 5 times, giving up. Last error message was: 'Network Not Available' (default:unknown:0)
    39.420 - warning: QGeoTileRequestManager: Failed to fetch tile (68648,45890,17) 5 times, giving up. Last error message was: 'Network Not Available' (default:unknown:0)
    39.420 - warning: QGeoTileRequestManager: Failed to fetch tile (68649,45890,17) 5 times, giving up. Last error message was: 'Network Not Available' (default:unknown:0)
    39.420 - warning: QGeoTileRequestManager: Failed to fetch tile (68650,45890,17) 5 times, giving up. Last error message was: 'Network Not Available' (default:unknown:0)
    39.421 - warning: QGeoTileRequestManager: Failed to fetch tile (68651,45890,17) 5 times, giving up. Last error message was: 'Network Not Available' (default:unknown:0)
    39.422 - warning: QGeoTileRequestManager: Failed to fetch tile (68643,45886,17) 5 times, giving up. Last error message was: 'Network Not Available' (default:unknown:0)
    39.422 - warning: QGeoTileRequestManager: Failed to fetch tile (68644,45886,17) 5 times, giving up. Last error message was: 'Network Not Available' (default:unknown:0)
    39.423 - warning: QGeoTileRequestManager: Failed to fetch tile (68645,45886,17) 5 times, giving up. Last error message was: 'Network Not Available' (default:unknown:0)
    39.423 - warning: QGeoTileRequestManager: Failed to fetch tile (68646,45886,17) 5 times, giving up. Last error message was: 'Network Not Available' (default:unknown:0)
    39.423 - warning: QGeoTileRequestManager: Failed to fetch tile (68646,45889,17) 5 times, giving up. Last error message was: 'Network Not Available' (default:unknown:0)
    39.424 - warning: QGeoTileRequestManager: Failed to fetch tile (68647,45886,17) 5 times, giving up. Last error message was: 'Network Not Available' (default:unknown:0)
    39.424 - warning: QGeoTileRequestManager: Failed to fetch tile (68648,45886,17) 5 times, giving up. Last error message was: 'Network Not Available' (default:unknown:0)
    39.425 - warning: QGeoTileRequestManager: Failed to fetch tile (68649,45886,17) 5 times, giving up. Last error message was: 'Network Not Available' (default:unknown:0)
    39.426 - warning: QGeoTileRequestManager: Failed to fetch tile (68650,45886,17) 5 times, giving up. Last error message was: 'Network Not Available' (default:unknown:0)
    39.426 - warning: QGeoTileRequestManager: Failed to fetch tile (68651,45886,17) 5 times, giving up. Last error message was: 'Network Not Available' (default:unknown:0)
    39.426 - warning: QGeoTileRequestManager: Failed to fetch tile (68643,45887,17) 5 times, giving up. Last error message was: 'Network Not Available' (default:unknown:0)
    39.427 - warning: QGeoTileRequestManager: Failed to fetch tile (68644,45887,17) 5 times, giving up. Last error message was: 'Network Not Available' (default:unknown:0)
    39.427 - warning: QGeoTileRequestManager: Failed to fetch tile (68645,45887,17) 5 times, giving up. Last error message was: 'Network Not Available' (default:unknown:0)
    39.427 - warning: QGeoTileRequestManager: Failed to fetch tile (68646,45887,17) 5 times, giving up. Last error message was: 'Network Not Available' (default:unknown:0)
    39.428 - warning: QGeoTileRequestManager: Failed to fetch tile (68647,45887,17) 5 times, giving up. Last error message was: 'Network Not Available' (default:unknown:0)
    39.429 - warning: QGeoTileRequestManager: Failed to fetch tile (68648,45887,17) 5 times, giving up. Last error message was: 'Network Not Available' (default:unknown:0)
    39.429 - warning: QGeoTileRequestManager: Failed to fetch tile (68649,45887,17) 5 times, giving up. Last error message was: 'Network Not Available' (default:unknown:0)
    39.430 - warning: QGeoTileRequestManager: Failed to fetch tile (68650,45887,17) 5 times, giving up. Last error message was: 'Network Not Available' (default:unknown:0)
    39.431 - warning: QGeoTileRequestManager: Failed to fetch tile (68651,45887,17) 5 times, giving up. Last error message was: 'Network Not Available' (default:unknown:0)
    39.431 - warning: QGeoTileRequestManager: Failed to fetch tile (68643,45888,17) 5 times, giving up. Last error message was: 'Network Not Available' (default:unknown:0)
    39.431 - warning: QGeoTileRequestManager: Failed to fetch tile (68644,45888,17) 5 times, giving up. Last error message was: 'Network Not Available' (default:unknown:0)
    39.432 - warning: QGeoTileRequestManager: Failed to fetch tile (68645,45888,17) 5 times, giving up. Last error message was: 'Network Not Available' (default:unknown:0)
    39.432 - warning: QGeoTileRequestManager: Failed to fetch tile (68646,45888,17) 5 times, giving up. Last error message was: 'Network Not Available' (default:unknown:0)
    39.432 - warning: QGeoTileRequestManager: Failed to fetch tile (68647,45888,17) 5 times, giving up. Last error message was: 'Network Not Available' (default:unknown:0)
    39.433 - warning: QGeoTileRequestManager: Failed to fetch tile (68648,45888,17) 5 times, giving up. Last error message was: 'Network Not Available' (default:unknown:0)
    39.433 - warning: QGeoTileRequestManager: Failed to fetch tile (68649,45888,17) 5 times, giving up. Last error message was: 'Network Not Available' (default:unknown:0)
    39.434 - warning: QGeoTileRequestManager: Failed to fetch tile (68650,45888,17) 5 times, giving up. Last error message was: 'Network Not Available' (default:unknown:0)
    39.434 - warning: QGeoTileRequestManager: Failed to fetch tile (68651,45888,17) 5 times, giving up. Last error message was: 'Network Not Available' (default:unknown:0)
    39.434 - warning: QGeoTileRequestManager: Failed to fetch tile (68643,45889,17) 5 times, giving up. Last error message was: 'Network Not Available' (default:unknown:0)
    39.434 - warning: QGeoTileRequestManager: Failed to fetch tile (68644,45889,17) 5 times, giving up. Last error message was: 'Network Not Available' (default:unknown:0)
    39.434 - warning: QGeoTileRequestManager: Failed to fetch tile (68645,45889,17) 5 times, giving up. Last error message was: 'Network Not Available' (default:unknown:0)
    55.412 - warning: QGeoTileRequestManager: Failed to fetch tile (68646,45889,17) 5 times, giving up. Last error message was: 'Network Not Available' (default:unknown:0)
    55.413 - warning: QGeoTileRequestManager: Failed to fetch tile (68647,45889,17) 5 times, giving up. Last error message was: 'Network Not Available' (default:unknown:0)
    55.417 - warning: QGeoTileRequestManager: Failed to fetch tile (68648,45889,17) 5 times, giving up. Last error message was: 'Network Not Available' (default:unknown:0)
    55.417 - warning: QGeoTileRequestManager: Failed to fetch tile (68649,45889,17) 5 times, giving up. Last error message was: 'Network Not Available' (default:unknown:0)
    55.417 - warning: QGeoTileRequestManager: Failed to fetch tile (68650,45889,17) 5 times, giving up. Last error message was: 'Network Not Available' (default:unknown:0)
    55.417 - warning: QGeoTileRequestManager: Failed to fetch tile (68651,45889,17) 5 times, giving up. Last error message was: 'Network Not Available' (default:unknown:0)
    55.419 - warning: QGeoTileRequestManager: Failed to fetch tile (68643,45890,17) 5 times, giving up. Last error message was: 'Network Not Available' (default:unknown:0)
    55.419 - warning: QGeoTileRequestManager: Failed to fetch tile (68644,45890,17) 5 times, giving up. Last error message was: 'Network Not Available' (default:unknown:0)
    55.419 - warning: QGeoTileRequestManager: Failed to fetch tile (68645,45890,17) 5 times, giving up. Last error message was: 'Network Not Available' (default:unknown:0)
    55.419 - warning: QGeoTileRequestManager: Failed to fetch tile (68646,45890,17) 5 times, giving up. Last error message was: 'Network Not Available' (default:unknown:0)
    55.420 - warning: QGeoTileRequestManager: Failed to fetch tile (68647,45890,17) 5 times, giving up. Last error message was: 'Network Not Available' (default:unknown:0)
    55.420 - warning: QGeoTileRequestManager: Failed to fetch tile (68648,45890,17) 5 times, giving up. Last error message was: 'Network Not Available' (default:unknown:0)
    55.421 - warning: QGeoTileRequestManager: Failed to fetch tile (68649,45890,17) 5 times, giving up. Last error message was: 'Network Not Available' (default:unknown:0)
    55.421 - warning: QGeoTileRequestManager: Failed to fetch tile (68650,45890,17) 5 times, giving up. Last error message was: 'Network Not Available' (default:unknown:0)
    55.421 - warning: QGeoTileRequestManager: Failed to fetch tile (68651,45890,17) 5 times, giving up. Last error message was: 'Network Not Available' (default:unknown:0)
    55.422 - warning: QGeoTileRequestManager: Failed to fetch tile (68643,45886,17) 5 times, giving up. Last error message was: 'Network Not Available' (default:unknown:0)
    55.422 - warning: QGeoTileRequestManager: Failed to fetch tile (68644,45886,17) 5 times, giving up. Last error message was: 'Network Not Available' (default:unknown:0)
    55.423 - warning: QGeoTileRequestManager: Failed to fetch tile (68645,45886,17) 5 times, giving up. Last error message was: 'Network Not Available' (default:unknown:0)
    55.423 - warning: QGeoTileRequestManager: Failed to fetch tile (68646,45886,17) 5 times, giving up. Last error message was: 'Network Not Available' (default:unknown:0)
    55.424 - warning: QGeoTileRequestManager: Failed to fetch tile (68647,45886,17) 5 times, giving up. Last error message was: 'Network Not Available' (default:unknown:0)
    55.424 - warning: QGeoTileRequestManager: Failed to fetch tile (68648,45886,17) 5 times, giving up. Last error message was: 'Network Not Available' (default:unknown:0)
    55.426 - warning: QGeoTileRequestManager: Failed to fetch tile (68649,45886,17) 5 times, giving up. Last error message was: 'Network Not Available' (default:unknown:0)
    55.426 - warning: QGeoTileRequestManager: Failed to fetch tile (68650,45886,17) 5 times, giving up. Last error message was: 'Network Not Available' (default:unknown:0)
    55.426 - warning: QGeoTileRequestManager: Failed to fetch tile (68651,45886,17) 5 times, giving up. Last error message was: 'Network Not Available' (default:unknown:0)
    55.427 - warning: QGeoTileRequestManager: Failed to fetch tile (68643,45887,17) 5 times, giving up. Last error message was: 'Network Not Available' (default:unknown:0)
    55.427 - warning: QGeoTileRequestManager: Failed to fetch tile (68644,45887,17) 5 times, giving up. Last error message was: 'Network Not Available' (default:unknown:0)
    55.428 - warning: QGeoTileRequestManager: Failed to fetch tile (68645,45887,17) 5 times, giving up. Last error message was: 'Network Not Available' (default:unknown:0)
    55.428 - warning: QGeoTileRequestManager: Failed to fetch tile (68646,45887,17) 5 times, giving up. Last error message was: 'Network Not Available' (default:unknown:0)
    55.429 - warning: QGeoTileRequestManager: Failed to fetch tile (68647,45887,17) 5 times, giving up. Last error message was: 'Network Not Available' (default:unknown:0)
    55.429 - warning: QGeoTileRequestManager: Failed to fetch tile (68648,45887,17) 5 times, giving up. Last error message was: 'Network Not Available' (default:unknown:0)
    55.429 - warning: QGeoTileRequestManager: Failed to fetch tile (68649,45887,17) 5 times, giving up. Last error message was: 'Network Not Available' (default:unknown:0)
    55.430 - warning: QGeoTileRequestManager: Failed to fetch tile (68650,45887,17) 5 times, giving up. Last error message was: 'Network Not Available' (default:unknown:0)
    55.430 - warning: QGeoTileRequestManager: Failed to fetch tile (68651,45887,17) 5 times, giving up. Last error message was: 'Network Not Available' (default:unknown:0)
    55.431 - warning: QGeoTileRequestManager: Failed to fetch tile (68643,45888,17) 5 times, giving up. Last error message was: 'Network Not Available' (default:unknown:0)
    55.432 - warning: QGeoTileRequestManager: Failed to fetch tile (68644,45888,17) 5 times, giving up. Last error message was: 'Network Not Available' (default:unknown:0)
    55.432 - warning: QGeoTileRequestManager: Failed to fetch tile (68645,45888,17) 5 times, giving up. Last error message was: 'Network Not Available' (default:unknown:0)
    55.433 - warning: QGeoTileRequestManager: Failed to fetch tile (68646,45888,17) 5 times, giving up. Last error message was: 'Network Not Available' (default:unknown:0)
    55.433 - warning: QGeoTileRequestManager: Failed to fetch tile (68647,45888,17) 5 times, giving up. Last error message was: 'Network Not Available' (default:unknown:0)
    55.434 - warning: QGeoTileRequestManager: Failed to fetch tile (68648,45888,17) 5 times, giving up. Last error message was: 'Network Not Available' (default:unknown:0)
    55.439 - warning: QGeoTileRequestManager: Failed to fetch tile (68649,45888,17) 5 times, giving up. Last error message was: 'Network Not Available' (default:unknown:0)
    55.440 - warning: QGeoTileRequestManager: Failed to fetch tile (68650,45888,17) 5 times, giving up. Last error message was: 'Network Not Available' (default:unknown:0)
    55.440 - warning: QGeoTileRequestManager: Failed to fetch tile (68651,45888,17) 5 times, giving up. Last error message was: 'Network Not Available' (default:unknown:0)
    55.440 - warning: QGeoTileRequestManager: Failed to fetch tile (68643,45889,17) 5 times, giving up. Last error message was: 'Network Not Available' (default:unknown:0)
    55.441 - warning: QGeoTileRequestManager: Failed to fetch tile (68644,45889,17) 5 times, giving up. Last error message was: 'Network Not Available' (default:unknown:0)
    55.442 - warning: QGeoTileRequestManager: Failed to fetch tile (68645,45889,17) 5 times, giving up. Last error message was: 'Network Not Available' (default:unknown:0)
    71.430 - warning: QGeoTileRequestManager: Failed to fetch tile (68646,45889,17) 5 times, giving up. Last error message was: 'Network Not Available' (default:unknown:0)
    71.430 - warning: QGeoTileRequestManager: Failed to fetch tile (68647,45889,17) 5 times, giving up. Last error message was: 'Network Not Available' (default:unknown:0)
    71.430 - warning: QGeoTileRequestManager: Failed to fetch tile (68648,45889,17) 5 times, giving up. Last error message was: 'Network Not Available' (default:unknown:0)
    71.430 - warning: QGeoTileRequestManager: Failed to fetch tile (68649,45889,17) 5 times, giving up. Last error message was: 'Network Not Available' (default:unknown:0)
    71.431 - warning: QGeoTileRequestManager: Failed to fetch tile (68650,45889,17) 5 times, giving up. Last error message was: 'Network Not Available' (default:unknown:0)
    71.432 - warning: QGeoTileRequestManager: Failed to fetch tile (68651,45889,17) 5 times, giving up. Last error message was: 'Network Not Available' (default:unknown:0)
    71.433 - warning: QGeoTileRequestManager: Failed to fetch tile (68643,45890,17) 5 times, giving up. Last error message was: 'Network Not Available' (default:unknown:0)
    71.433 - warning: QGeoTileRequestManager: Failed to fetch tile (68644,45890,17) 5 times, giving up. Last error message was: 'Network Not Available' (default:unknown:0)
    71.434 - warning: QGeoTileRequestManager: Failed to fetch tile (68645,45890,17) 5 times, giving up. Last error message was: 'Network Not Available' (default:unknown:0)
    71.438 - warning: QGeoTileRequestManager: Failed to fetch tile (68646,45890,17) 5 times, giving up. Last error message was: 'Network Not Available' (default:unknown:0)
    71.438 - warning: QGeoTileRequestManager: Failed to fetch tile (68647,45890,17) 5 times, giving up. Last error message was: 'Network Not Available' (default:unknown:0)
    71.439 - warning: QGeoTileRequestManager: Failed to fetch tile (68648,45890,17) 5 times, giving up. Last error message was: 'Network Not Available' (default:unknown:0)
    71.440 - warning: QGeoTileRequestManager: Failed to fetch tile (68649,45890,17) 5 times, giving up. Last error message was: 'Network Not Available' (default:unknown:0)
    71.441 - warning: QGeoTileRequestManager: Failed to fetch tile (68650,45890,17) 5 times, giving up. Last error message was: 'Network Not Available' (default:unknown:0)
    71.443 - warning: QGeoTileRequestManager: Failed to fetch tile (68651,45890,17) 5 times, giving up. Last error message was: 'Network Not Available' (default:unknown:0)
    71.443 - warning: QGeoTileRequestManager: Failed to fetch tile (68643,45886,17) 5 times, giving up. Last error message was: 'Network Not Available' (default:unknown:0)
    71.444 - warning: QGeoTileRequestManager: Failed to fetch tile (68644,45886,17) 5 times, giving up. Last error message was: 'Network Not Available' (default:unknown:0)
    71.444 - warning: QGeoTileRequestManager: Failed to fetch tile (68645,45886,17) 5 times, giving up. Last error message was: 'Network Not Available' (default:unknown:0)
    71.445 - warning: QGeoTileRequestManager: Failed to fetch tile (68646,45886,17) 5 times, giving up. Last error message was: 'Network Not Available' (default:unknown:0)
    71.445 - warning: QGeoTileRequestManager: Failed to fetch tile (68647,45886,17) 5 times, giving up. Last error message was: 'Network Not Available' (default:unknown:0)
    71.445 - warning: QGeoTileRequestManager: Failed to fetch tile (68648,45886,17) 5 times, giving up. Last error message was: 'Network Not Available' (default:unknown:0)
    71.446 - warning: QGeoTileRequestManager: Failed to fetch tile (68649,45886,17) 5 times, giving up. Last error message was: 'Network Not Available' (default:unknown:0)
    71.446 - warning: QGeoTileRequestManager: Failed to fetch tile (68650,45886,17) 5 times, giving up. Last error message was: 'Network Not Available' (default:unknown:0)
    71.448 - warning: QGeoTileRequestManager: Failed to fetch tile (68651,45886,17) 5 times, giving up. Last error message was: 'Network Not Available' (default:unknown:0)
    71.449 - warning: QGeoTileRequestManager: Failed to fetch tile (68643,45887,17) 5 times, giving up. Last error message was: 'Network Not Available' (default:unknown:0)
    71.449 - warning: QGeoTileRequestManager: Failed to fetch tile (68644,45887,17) 5 times, giving up. Last error message was: 'Network Not Available' (default:unknown:0)
    71.450 - warning: QGeoTileRequestManager: Failed to fetch tile (68645,45887,17) 5 times, giving up. Last error message was: 'Network Not Available' (default:unknown:0)
    71.450 - warning: QGeoTileRequestManager: Failed to fetch tile (68646,45887,17) 5 times, giving up. Last error message was: 'Network Not Available' (default:unknown:0)
    71.451 - warning: QGeoTileRequestManager: Failed to fetch tile (68647,45887,17) 5 times, giving up. Last error message was: 'Network Not Available' (default:unknown:0)
    71.452 - warning: QGeoTileRequestManager: Failed to fetch tile (68648,45887,17) 5 times, giving up. Last error message was: 'Network Not Available' (default:unknown:0)
    71.452 - warning: QGeoTileRequestManager: Failed to fetch tile (68649,45887,17) 5 times, giving up. Last error message was: 'Network Not Available' (default:unknown:0)
    71.453 - warning: QGeoTileRequestManager: Failed to fetch tile (68650,45887,17) 5 times, giving up. Last error message was: 'Network Not Available' (default:unknown:0)
    71.453 - warning: QGeoTileRequestManager: Failed to fetch tile (68651,45887,17) 5 times, giving up. Last error message was: 'Network Not Available' (default:unknown:0)
    71.453 - warning: QGeoTileRequestManager: Failed to fetch tile (68643,45888,17) 5 times, giving up. Last error message was: 'Network Not Available' (default:unknown:0)
    71.454 - warning: QGeoTileRequestManager: Failed to fetch tile (68644,45888,17) 5 times, giving up. Last error message was: 'Network Not Available' (default:unknown:0)
    71.456 - warning: QGeoTileRequestManager: Failed to fetch tile (68645,45888,17) 5 times, giving up. Last error message was: 'Network Not Available' (default:unknown:0)
    71.456 - warning: QGeoTileRequestManager: Failed to fetch tile (68646,45888,17) 5 times, giving up. Last error message was: 'Network Not Available' (default:unknown:0)
    71.457 - warning: QGeoTileRequestManager: Failed to fetch tile (68647,45888,17) 5 times, giving up. Last error message was: 'Network Not Available' (default:unknown:0)
    71.457 - warning: QGeoTileRequestManager: Failed to fetch tile (68648,45888,17) 5 times, giving up. Last error message was: 'Network Not Available' (default:unknown:0)
    71.458 - warning: QGeoTileRequestManager: Failed to fetch tile (68649,45888,17) 5 times, giving up. Last error message was: 'Network Not Available' (default:unknown:0)
    71.458 - warning: QGeoTileRequestManager: Failed to fetch tile (68650,45888,17) 5 times, giving up. Last error message was: 'Network Not Available' (default:unknown:0)
    71.458 - warning: QGeoTileRequestManager: Failed to fetch tile (68651,45888,17) 5 times, giving up. Last error message was: 'Network Not Available' (default:unknown:0)
    71.458 - warning: QGeoTileRequestManager: Failed to fetch tile (68643,45889,17) 5 times, giving up. Last error message was: 'Network Not Available' (default:unknown:0)
    71.458 - warning: QGeoTileRequestManager: Failed to fetch tile (68644,45889,17) 5 times, giving up. Last error message was: 'Network Not Available' (default:unknown:0)
    71.458 - warning: QGeoTileRequestManager: Failed to fetch tile (68645,45889,17) 5 times, giving up. Last error message was: 'Network Not Available' (default:unknown:0)
    87.418 - warning: QGeoTileRequestManager: Failed to fetch tile (68646,45889,17) 5 times, giving up. Last error message was: 'Network Not Available' (default:unknown:0)
    87.418 - warning: QGeoTileRequestManager: Failed to fetch tile (68647,45889,17) 5 times, giving up. Last error message was: 'Network Not Available' (default:unknown:0)
    87.419 - warning: QGeoTileRequestManager: Failed to fetch tile (68648,45889,17) 5 times, giving up. Last error message was: 'Network Not Available' (default:unknown:0)
    87.419 - warning: QGeoTileRequestManager: Failed to fetch tile (68649,45889,17) 5 times, giving up. Last error message was: 'Network Not Available' (default:unknown:0)
    87.419 - warning: QGeoTileRequestManager: Failed to fetch tile (68650,45889,17) 5 times, giving up. Last error message was: 'Network Not Available' (default:unknown:0)
    87.420 - warning: QGeoTileRequestManager: Failed to fetch tile (68651,45889,17) 5 times, giving up. Last error message was: 'Network Not Available' (default:unknown:0)
    87.420 - warning: QGeoTileRequestManager: Failed to fetch tile (68643,45890,17) 5 times, giving up. Last error message was: 'Network Not Available' (default:unknown:0)
    87.420 - warning: QGeoTileRequestManager: Failed to fetch tile (68644,45890,17) 5 times, giving up. Last error message was: 'Network Not Available' (default:unknown:0)
    87.422 - warning: QGeoTileRequestManager: Failed to fetch tile (68645,45890,17) 5 times, giving up. Last error message was: 'Network Not Available' (default:unknown:0)
    87.422 - warning: QGeoTileRequestManager: Failed to fetch tile (68646,45890,17) 5 times, giving up. Last error message was: 'Network Not Available' (default:unknown:0)
    87.422 - warning: QGeoTileRequestManager: Failed to fetch tile (68647,45890,17) 5 times, giving up. Last error message was: 'Network Not Available' (default:unknown:0)
    87.423 - warning: QGeoTileRequestManager: Failed to fetch tile (68648,45890,17) 5 times, giving up. Last error message was: 'Network Not Available' (default:unknown:0)
    87.424 - warning: QGeoTileRequestManager: Failed to fetch tile (68649,45890,17) 5 times, giving up. Last error message was: 'Network Not Available' (default:unknown:0)
    87.424 - warning: QGeoTileRequestManager: Failed to fetch tile (68650,45890,17) 5 times, giving up. Last error message was: 'Network Not Available' (default:unknown:0)
    87.424 - warning: QGeoTileRequestManager: Failed to fetch tile (68651,45890,17) 5 times, giving up. Last error message was: 'Network Not Available' (default:unknown:0)
    87.425 - warning: QGeoTileRequestManager: Failed to fetch tile (68643,45886,17) 5 times, giving up. Last error message was: 'Network Not Available' (default:unknown:0)
    87.425 - warning: QGeoTileRequestManager: Failed to fetch tile (68644,45886,17) 5 times, giving up. Last error message was: 'Network Not Available' (default:unknown:0)
    87.425 - warning: QGeoTileRequestManager: Failed to fetch tile (68645,45886,17) 5 times, giving up. Last error message was: 'Network Not Available' (default:unknown:0)
    87.425 - warning: QGeoTileRequestManager: Failed to fetch tile (68646,45886,17) 5 times, giving up. Last error message was: 'Network Not Available' (default:unknown:0)
    87.426 - warning: QGeoTileRequestManager: Failed to fetch tile (68647,45886,17) 5 times, giving up. Last error message was: 'Network Not Available' (default:unknown:0)
    87.426 - warning: QGeoTileRequestManager: Failed to fetch tile (68648,45886,17) 5 times, giving up. Last error message was: 'Network Not Available' (default:unknown:0)
    87.427 - warning: QGeoTileRequestManager: Failed to fetch tile (68649,45886,17) 5 times, giving up. Last error message was: 'Network Not Available' (default:unknown:0)
    87.427 - warning: QGeoTileRequestManager: Failed to fetch tile (68650,45886,17) 5 times, giving up. Last error message was: 'Network Not Available' (default:unknown:0)
    87.431 - warning: QGeoTileRequestManager: Failed to fetch tile (68651,45886,17) 5 times, giving up. Last error message was: 'Network Not Available' (default:unknown:0)
    87.432 - warning: QGeoTileRequestManager: Failed to fetch tile (68643,45887,17) 5 times, giving up. Last error message was: 'Network Not Available' (default:unknown:0)
    87.433 - warning: QGeoTileRequestManager: Failed to fetch tile (68644,45887,17) 5 times, giving up. Last error message was: 'Network Not Available' (default:unknown:0)
    87.434 - warning: QGeoTileRequestManager: Failed to fetch tile (68645,45887,17) 5 times, giving up. Last error message was: 'Network Not Available' (default:unknown:0)
    87.434 - warning: QGeoTileRequestManager: Failed to fetch tile (68646,45887,17) 5 times, giving up. Last error message was: 'Network Not Available' (default:unknown:0)
    87.434 - warning: QGeoTileRequestManager: Failed to fetch tile (68647,45887,17) 5 times, giving up. Last error message was: 'Network Not Available' (default:unknown:0)
    87.434 - warning: QGeoTileRequestManager: Failed to fetch tile (68648,45887,17) 5 times, giving up. Last error message was: 'Network Not Available' (default:unknown:0)
    87.435 - warning: QGeoTileRequestManager: Failed to fetch tile (68649,45887,17) 5 times, giving up. Last error message was: 'Network Not Available' (default:unknown:0)
    87.436 - warning: QGeoTileRequestManager: Failed to fetch tile (68650,45887,17) 5 times, giving up. Last error message was: 'Network Not Available' (default:unknown:0)
    87.437 - warning: QGeoTileRequestManager: Failed to fetch tile (68651,45887,17) 5 times, giving up. Last error message was: 'Network Not Available' (default:unknown:0)
    87.441 - warning: QGeoTileRequestManager: Failed to fetch tile (68643,45888,17) 5 times, giving up. Last error message was: 'Network Not Available' (default:unknown:0)
    87.442 - warning: QGeoTileRequestManager: Failed to fetch tile (68644,45888,17) 5 times, giving up. Last error message was: 'Network Not Available' (default:unknown:0)
    87.443 - warning: QGeoTileRequestManager: Failed to fetch tile (68645,45888,17) 5 times, giving up. Last error message was: 'Network Not Available' (default:unknown:0)
    87.444 - warning: QGeoTileRequestManager: Failed to fetch tile (68646,45888,17) 5 times, giving up. Last error message was: 'Network Not Available' (default:unknown:0)
    87.445 - warning: QGeoTileRequestManager: Failed to fetch tile (68647,45888,17) 5 times, giving up. Last error message was: 'Network Not Available' (default:unknown:0)
    87.445 - warning: QGeoTileRequestManager: Failed to fetch tile (68648,45888,17) 5 times, giving up. Last error message was: 'Network Not Available' (default:unknown:0)
    87.446 - warning: QGeoTileRequestManager: Failed to fetch tile (68649,45888,17) 5 times, giving up. Last error message was: 'Network Not Available' (default:unknown:0)
    87.447 - warning: QGeoTileRequestManager: Failed to fetch tile (68650,45888,17) 5 times, giving up. Last error message was: 'Network Not Available' (default:unknown:0)
    87.448 - warning: QGeoTileRequestManager: Failed to fetch tile (68651,45888,17) 5 times, giving up. Last error message was: 'Network Not Available' (default:unknown:0)
    87.448 - warning: QGeoTileRequestManager: Failed to fetch tile (68643,45889,17) 5 times, giving up. Last error message was: 'Network Not Available' (default:unknown:0)
    87.448 - warning: QGeoTileRequestManager: Failed to fetch tile (68644,45889,17) 5 times, giving up. Last error message was: 'Network Not Available' (default:unknown:0)
    87.448 - warning: QGeoTileRequestManager: Failed to fetch tile (68645,45889,17) 5 times, giving up. Last error message was: 'Network Not Available' (default:unknown:0)
   103.418 - warning: QGeoTileRequestManager: Failed to fetch tile (68646,45889,17) 5 times, giving up. Last error message was: 'Network Not Available' (default:unknown:0)
   103.418 - warning: QGeoTileRequestManager: Failed to fetch tile (68647,45889,17) 5 times, giving up. Last error message was: 'Network Not Available' (default:unknown:0)
   103.419 - warning: QGeoTileRequestManager: Failed to fetch tile (68648,45889,17) 5 times, giving up. Last error message was: 'Network Not Available' (default:unknown:0)
   103.419 - warning: QGeoTileRequestManager: Failed to fetch tile (68649,45889,17) 5 times, giving up. Last error message was: 'Network Not Available' (default:unknown:0)
   103.419 - warning: QGeoTileRequestManager: Failed to fetch tile (68650,45889,17) 5 times, giving up. Last error message was: 'Network Not Available' (default:unknown:0)
   103.421 - warning: QGeoTileRequestManager: Failed to fetch tile (68651,45889,17) 5 times, giving up. Last error message was: 'Network Not Available' (default:unknown:0)
   103.426 - warning: QGeoTileRequestManager: Failed to fetch tile (68643,45890,17) 5 times, giving up. Last error message was: 'Network Not Available' (default:unknown:0)
   103.426 - warning: QGeoTileRequestManager: Failed to fetch tile (68644,45890,17) 5 times, giving up. Last error message was: 'Network Not Available' (default:unknown:0)
   103.426 - warning: QGeoTileRequestManager: Failed to fetch tile (68645,45890,17) 5 times, giving up. Last error message was: 'Network Not Available' (default:unknown:0)
   103.426 - warning: QGeoTileRequestManager: Failed to fetch tile (68646,45890,17) 5 times, giving up. Last error message was: 'Network Not Available' (default:unknown:0)
   103.427 - warning: QGeoTileRequestManager: Failed to fetch tile (68647,45890,17) 5 times, giving up. Last error message was: 'Network Not Available' (default:unknown:0)
   103.427 - warning: QGeoTileRequestManager: Failed to fetch tile (68648,45890,17) 5 times, giving up. Last error message was: 'Network Not Available' (default:unknown:0)
   103.427 - warning: QGeoTileRequestManager: Failed to fetch tile (68649,45890,17) 5 times, giving up. Last error message was: 'Network Not Available' (default:unknown:0)
   103.427 - warning: QGeoTileRequestManager: Failed to fetch tile (68650,45890,17) 5 times, giving up. Last error message was: 'Network Not Available' (default:unknown:0)
   103.436 - warning: QGeoTileRequestManager: Failed to fetch tile (68651,45890,17) 5 times, giving up. Last error message was: 'Network Not Available' (default:unknown:0)
   103.436 - warning: QGeoTileRequestManager: Failed to fetch tile (68643,45886,17) 5 times, giving up. Last error message was: 'Network Not Available' (default:unknown:0)
   103.436 - warning: QGeoTileRequestManager: Failed to fetch tile (68644,45886,17) 5 times, giving up. Last error message was: 'Network Not Available' (default:unknown:0)
   103.436 - warning: QGeoTileRequestManager: Failed to fetch tile (68645,45886,17) 5 times, giving up. Last error message was: 'Network Not Available' (default:unknown:0)
   103.436 - warning: QGeoTileRequestManager: Failed to fetch tile (68646,45886,17) 5 times, giving up. Last error message was: 'Network Not Available' (default:unknown:0)
   103.437 - warning: QGeoTileRequestManager: Failed to fetch tile (68647,45886,17) 5 times, giving up. Last error message was: 'Network Not Available' (default:unknown:0)
   103.437 - warning: QGeoTileRequestManager: Failed to fetch tile (68648,45886,17) 5 times, giving up. Last error message was: 'Network Not Available' (default:unknown:0)
   103.437 - warning: QGeoTileRequestManager: Failed to fetch tile (68649,45886,17) 5 times, giving up. Last error message was: 'Network Not Available' (default:unknown:0)
   103.437 - warning: QGeoTileRequestManager: Failed to fetch tile (68650,45886,17) 5 times, giving up. Last error message was: 'Network Not Available' (default:unknown:0)
   103.437 - warning: QGeoTileRequestManager: Failed to fetch tile (68651,45886,17) 5 times, giving up. Last error message was: 'Network Not Available' (default:unknown:0)
   103.437 - warning: QGeoTileRequestManager: Failed to fetch tile (68643,45887,17) 5 times, giving up. Last error message was: 'Network Not Available' (default:unknown:0)
   103.437 - warning: QGeoTileRequestManager: Failed to fetch tile (68644,45887,17) 5 times, giving up. Last error message was: 'Network Not Available' (default:unknown:0)
   103.437 - warning: QGeoTileRequestManager: Failed to fetch tile (68645,45887,17) 5 times, giving up. Last error message was: 'Network Not Available' (default:unknown:0)
   103.437 - warning: QGeoTileRequestManager: Failed to fetch tile (68646,45887,17) 5 times, giving up. Last error message was: 'Network Not Available' (default:unknown:0)
   103.437 - warning: QGeoTileRequestManager: Failed to fetch tile (68647,45887,17) 5 times, giving up. Last error message was: 'Network Not Available' (default:unknown:0)
   103.437 - warning: QGeoTileRequestManager: Failed to fetch tile (68648,45887,17) 5 times, giving up. Last error message was: 'Network Not Available' (default:unknown:0)
   103.439 - warning: QGeoTileRequestManager: Failed to fetch tile (68649,45887,17) 5 times, giving up. Last error message was: 'Network Not Available' (default:unknown:0)
   103.439 - warning: QGeoTileRequestManager: Failed to fetch tile (68650,45887,17) 5 times, giving up. Last error message was: 'Network Not Available' (default:unknown:0)
   103.439 - warning: QGeoTileRequestManager: Failed to fetch tile (68651,45887,17) 5 times, giving up. Last error message was: 'Network Not Available' (default:unknown:0)
   103.439 - warning: QGeoTileRequestManager: Failed to fetch tile (68643,45888,17) 5 times, giving up. Last error message was: 'Network Not Available' (default:unknown:0)
   103.440 - warning: QGeoTileRequestManager: Failed to fetch tile (68644,45888,17) 5 times, giving up. Last error message was: 'Network Not Available' (default:unknown:0)
   103.440 - warning: QGeoTileRequestManager: Failed to fetch tile (68645,45888,17) 5 times, giving up. Last error message was: 'Network Not Available' (default:unknown:0)
   103.440 - warning: QGeoTileRequestManager: Failed to fetch tile (68646,45888,17) 5 times, giving up. Last error message was: 'Network Not Available' (default:unknown:0)
   103.443 - warning: QGeoTileRequestManager: Failed to fetch tile (68647,45888,17) 5 times, giving up. Last error message was: 'Network Not Available' (default:unknown:0)
   103.443 - warning: QGeoTileRequestManager: Failed to fetch tile (68648,45888,17) 5 times, giving up. Last error message was: 'Network Not Available' (default:unknown:0)
   103.443 - warning: QGeoTileRequestManager: Failed to fetch tile (68649,45888,17) 5 times, giving up. Last error message was: 'Network Not Available' (default:unknown:0)
   103.443 - warning: QGeoTileRequestManager: Failed to fetch tile (68650,45888,17) 5 times, giving up. Last error message was: 'Network Not Available' (default:unknown:0)
   103.446 - warning: QGeoTileRequestManager: Failed to fetch tile (68651,45888,17) 5 times, giving up. Last error message was: 'Network Not Available' (default:unknown:0)
   103.446 - warning: QGeoTileRequestManager: Failed to fetch tile (68643,45889,17) 5 times, giving up. Last error message was: 'Network Not Available' (default:unknown:0)
   103.446 - warning: QGeoTileRequestManager: Failed to fetch tile (68644,45889,17) 5 times, giving up. Last error message was: 'Network Not Available' (default:unknown:0)
   103.446 - warning: QGeoTileRequestManager: Failed to fetch tile (68645,45889,17) 5 times, giving up. Last error message was: 'Network Not Available' (default:unknown:0)
   119.413 - warning: QGeoTileRequestManager: Failed to fetch tile (68646,45889,17) 5 times, giving up. Last error message was: 'Network Not Available' (default:unknown:0)
   119.413 - warning: QGeoTileRequestManager: Failed to fetch tile (68647,45889,17) 5 times, giving up. Last error message was: 'Network Not Available' (default:unknown:0)
   119.413 - warning: QGeoTileRequestManager: Failed to fetch tile (68648,45889,17) 5 times, giving up. Last error message was: 'Network Not Available' (default:unknown:0)
   119.413 - warning: QGeoTileRequestManager: Failed to fetch tile (68649,45889,17) 5 times, giving up. Last error message was: 'Network Not Available' (default:unknown:0)
   119.415 - warning: QGeoTileRequestManager: Failed to fetch tile (68650,45889,17) 5 times, giving up. Last error message was: 'Network Not Available' (default:unknown:0)
   119.415 - warning: QGeoTileRequestManager: Failed to fetch tile (68651,45889,17) 5 times, giving up. Last error message was: 'Network Not Available' (default:unknown:0)
   119.415 - warning: QGeoTileRequestManager: Failed to fetch tile (68643,45890,17) 5 times, giving up. Last error message was: 'Network Not Available' (default:unknown:0)
   119.415 - warning: QGeoTileRequestManager: Failed to fetch tile (68644,45890,17) 5 times, giving up. Last error message was: 'Network Not Available' (default:unknown:0)
   119.416 - warning: QGeoTileRequestManager: Failed to fetch tile (68645,45890,17) 5 times, giving up. Last error message was: 'Network Not Available' (default:unknown:0)
   119.416 - warning: QGeoTileRequestManager: Failed to fetch tile (68646,45890,17) 5 times, giving up. Last error message was: 'Network Not Available' (default:unknown:0)
   119.416 - warning: QGeoTileRequestManager: Failed to fetch tile (68647,45890,17) 5 times, giving up. Last error message was: 'Network Not Available' (default:unknown:0)
   119.417 - warning: QGeoTileRequestManager: Failed to fetch tile (68648,45890,17) 5 times, giving up. Last error message was: 'Network Not Available' (default:unknown:0)
   119.417 - warning: QGeoTileRequestManager: Failed to fetch tile (68649,45890,17) 5 times, giving up. Last error message was: 'Network Not Available' (default:unknown:0)
   119.418 - warning: QGeoTileRequestManager: Failed to fetch tile (68650,45890,17) 5 times, giving up. Last error message was: 'Network Not Available' (default:unknown:0)
   119.418 - warning: QGeoTileRequestManager: Failed to fetch tile (68651,45890,17) 5 times, giving up. Last error message was: 'Network Not Available' (default:unknown:0)
   119.418 - warning: QGeoTileRequestManager: Failed to fetch tile (68643,45886,17) 5 times, giving up. Last error message was: 'Network Not Available' (default:unknown:0)
   119.419 - warning: QGeoTileRequestManager: Failed to fetch tile (68644,45886,17) 5 times, giving up. Last error message was: 'Network Not Available' (default:unknown:0)
   119.419 - warning: QGeoTileRequestManager: Failed to fetch tile (68645,45886,17) 5 times, giving up. Last error message was: 'Network Not Available' (default:unknown:0)
   119.419 - warning: QGeoTileRequestManager: Failed to fetch tile (68646,45886,17) 5 times, giving up. Last error message was: 'Network Not Available' (default:unknown:0)
   119.420 - warning: QGeoTileRequestManager: Failed to fetch tile (68647,45886,17) 5 times, giving up. Last error message was: 'Network Not Available' (default:unknown:0)
   119.421 - warning: QGeoTileRequestManager: Failed to fetch tile (68648,45886,17) 5 times, giving up. Last error message was: 'Network Not Available' (default:unknown:0)
   119.424 - warning: QGeoTileRequestManager: Failed to fetch tile (68649,45886,17) 5 times, giving up. Last error message was: 'Network Not Available' (default:unknown:0)
   119.424 - warning: QGeoTileRequestManager: Failed to fetch tile (68650,45886,17) 5 times, giving up. Last error message was: 'Network Not Available' (default:unknown:0)
   119.425 - warning: QGeoTileRequestManager: Failed to fetch tile (68651,45886,17) 5 times, giving up. Last error message was: 'Network Not Available' (default:unknown:0)
   119.428 - warning: QGeoTileRequestManager: Failed to fetch tile (68643,45887,17) 5 times, giving up. Last error message was: 'Network Not Available' (default:unknown:0)
   119.428 - warning: QGeoTileRequestManager: Failed to fetch tile (68644,45887,17) 5 times, giving up. Last error message was: 'Network Not Available' (default:unknown:0)
   119.428 - warning: QGeoTileRequestManager: Failed to fetch tile (68645,45887,17) 5 times, giving up. Last error message was: 'Network Not Available' (default:unknown:0)
   119.428 - warning: QGeoTileRequestManager: Failed to fetch tile (68646,45887,17) 5 times, giving up. Last error message was: 'Network Not Available' (default:unknown:0)
   119.431 - warning: QGeoTileRequestManager: Failed to fetch tile (68647,45887,17) 5 times, giving up. Last error message was: 'Network Not Available' (default:unknown:0)
   119.439 - warning: QGeoTileRequestManager: Failed to fetch tile (68648,45887,17) 5 times, giving up. Last error message was: 'Network Not Available' (default:unknown:0)
   119.442 - warning: QGeoTileRequestManager: Failed to fetch tile (68649,45887,17) 5 times, giving up. Last error message was: 'Network Not Available' (default:unknown:0)
   119.442 - warning: QGeoTileRequestManager: Failed to fetch tile (68650,45887,17) 5 times, giving up. Last error message was: 'Network Not Available' (default:unknown:0)
   119.442 - warning: QGeoTileRequestManager: Failed to fetch tile (68651,45887,17) 5 times, giving up. Last error message was: 'Network Not Available' (default:unknown:0)
   119.442 - warning: QGeoTileRequestManager: Failed to fetch tile (68643,45888,17) 5 times, giving up. Last error message was: 'Network Not Available' (default:unknown:0)
   119.442 - warning: QGeoTileRequestManager: Failed to fetch tile (68644,45888,17) 5 times, giving up. Last error message was: 'Network Not Available' (default:unknown:0)
   119.442 - warning: QGeoTileRequestManager: Failed to fetch tile (68645,45888,17) 5 times, giving up. Last error message was: 'Network Not Available' (default:unknown:0)
   119.443 - warning: QGeoTileRequestManager: Failed to fetch tile (68646,45888,17) 5 times, giving up. Last error message was: 'Network Not Available' (default:unknown:0)
   119.446 - warning: QGeoTileRequestManager: Failed to fetch tile (68647,45888,17) 5 times, giving up. Last error message was: 'Network Not Available' (default:unknown:0)
   119.449 - warning: QGeoTileRequestManager: Failed to fetch tile (68648,45888,17) 5 times, giving up. Last error message was: 'Network Not Available' (default:unknown:0)
   119.453 - warning: QGeoTileRequestManager: Failed to fetch tile (68649,45888,17) 5 times, giving up. Last error message was: 'Network Not Available' (default:unknown:0)
   119.461 - warning: QGeoTileRequestManager: Failed to fetch tile (68650,45888,17) 5 times, giving up. Last error message was: 'Network Not Available' (default:unknown:0)
   119.461 - warning: QGeoTileRequestManager: Failed to fetch tile (68651,45888,17) 5 times, giving up. Last error message was: 'Network Not Available' (default:unknown:0)
   119.461 - warning: QGeoTileRequestManager: Failed to fetch tile (68643,45889,17) 5 times, giving up. Last error message was: 'Network Not Available' (default:unknown:0)
   119.461 - warning: QGeoTileRequestManager: Failed to fetch tile (68644,45889,17) 5 times, giving up. Last error message was: 'Network Not Available' (default:unknown:0)
   119.461 - warning: QGeoTileRequestManager: Failed to fetch tile (68645,45889,17) 5 times, giving up. Last error message was: 'Network Not Available' (default:unknown:0)
   135.471 - warning: QGeoTileRequestManager: Failed to fetch tile (68646,45889,17) 5 times, giving up. Last error message was: 'Network Not Available' (default:unknown:0)
   135.471 - warning: QGeoTileRequestManager: Failed to fetch tile (68647,45889,17) 5 times, giving up. Last error message was: 'Network Not Available' (default:unknown:0)
   135.471 - warning: QGeoTileRequestManager: Failed to fetch tile (68648,45889,17) 5 times, giving up. Last error message was: 'Network Not Available' (default:unknown:0)
   135.471 - warning: QGeoTileRequestManager: Failed to fetch tile (68649,45889,17) 5 times, giving up. Last error message was: 'Network Not Available' (default:unknown:0)
   135.471 - warning: QGeoTileRequestManager: Failed to fetch tile (68650,45889,17) 5 times, giving up. Last error message was: 'Network Not Available' (default:unknown:0)
   135.471 - warning: QGeoTileRequestManager: Failed to fetch tile (68651,45889,17) 5 times, giving up. Last error message was: 'Network Not Available' (default:unknown:0)
   135.471 - warning: QGeoTileRequestManager: Failed to fetch tile (68643,45890,17) 5 times, giving up. Last error message was: 'Network Not Available' (default:unknown:0)
   135.471 - warning: QGeoTileRequestManager: Failed to fetch tile (68644,45890,17) 5 times, giving up. Last error message was: 'Network Not Available' (default:unknown:0)
   135.471 - warning: QGeoTileRequestManager: Failed to fetch tile (68645,45890,17) 5 times, giving up. Last error message was: 'Network Not Available' (default:unknown:0)
   135.471 - warning: QGeoTileRequestManager: Failed to fetch tile (68646,45890,17) 5 times, giving up. Last error message was: 'Network Not Available' (default:unknown:0)
   135.471 - warning: QGeoTileRequestManager: Failed to fetch tile (68647,45890,17) 5 times, giving up. Last error message was: 'Network Not Available' (default:unknown:0)
   135.471 - warning: QGeoTileRequestManager: Failed to fetch tile (68648,45890,17) 5 times, giving up. Last error message was: 'Network Not Available' (default:unknown:0)
   135.471 - warning: QGeoTileRequestManager: Failed to fetch tile (68649,45890,17) 5 times, giving up. Last error message was: 'Network Not Available' (default:unknown:0)
   135.472 - warning: QGeoTileRequestManager: Failed to fetch tile (68650,45890,17) 5 times, giving up. Last error message was: 'Network Not Available' (default:unknown:0)
   135.474 - warning: QGeoTileRequestManager: Failed to fetch tile (68651,45890,17) 5 times, giving up. Last error message was: 'Network Not Available' (default:unknown:0)
   135.475 - warning: QGeoTileRequestManager: Failed to fetch tile (68643,45886,17) 5 times, giving up. Last error message was: 'Network Not Available' (default:unknown:0)
   135.475 - warning: QGeoTileRequestManager: Failed to fetch tile (68644,45886,17) 5 times, giving up. Last error message was: 'Network Not Available' (default:unknown:0)
   135.475 - warning: QGeoTileRequestManager: Failed to fetch tile (68645,45886,17) 5 times, giving up. Last error message was: 'Network Not Available' (default:unknown:0)
   135.476 - warning: QGeoTileRequestManager: Failed to fetch tile (68646,45886,17) 5 times, giving up. Last error message was: 'Network Not Available' (default:unknown:0)
   135.477 - warning: QGeoTileRequestManager: Failed to fetch tile (68647,45886,17) 5 times, giving up. Last error message was: 'Network Not Available' (default:unknown:0)
   135.477 - warning: QGeoTileRequestManager: Failed to fetch tile (68648,45886,17) 5 times, giving up. Last error message was: 'Network Not Available' (default:unknown:0)
   135.478 - warning: QGeoTileRequestManager: Failed to fetch tile (68649,45886,17) 5 times, giving up. Last error message was: 'Network Not Available' (default:unknown:0)
   135.478 - warning: QGeoTileRequestManager: Failed to fetch tile (68650,45886,17) 5 times, giving up. Last error message was: 'Network Not Available' (default:unknown:0)
   135.478 - warning: QGeoTileRequestManager: Failed to fetch tile (68651,45886,17) 5 times, giving up. Last error message was: 'Network Not Available' (default:unknown:0)
   135.478 - warning: QGeoTileRequestManager: Failed to fetch tile (68643,45887,17) 5 times, giving up. Last error message was: 'Network Not Available' (default:unknown:0)
   135.479 - warning: QGeoTileRequestManager: Failed to fetch tile (68644,45887,17) 5 times, giving up. Last error message was: 'Network Not Available' (default:unknown:0)
   135.479 - warning: QGeoTileRequestManager: Failed to fetch tile (68645,45887,17) 5 times, giving up. Last error message was: 'Network Not Available' (default:unknown:0)
   135.480 - warning: QGeoTileRequestManager: Failed to fetch tile (68646,45887,17) 5 times, giving up. Last error message was: 'Network Not Available' (default:unknown:0)
   135.480 - warning: QGeoTileRequestManager: Failed to fetch tile (68647,45887,17) 5 times, giving up. Last error message was: 'Network Not Available' (default:unknown:0)
   135.480 - warning: QGeoTileRequestManager: Failed to fetch tile (68648,45887,17) 5 times, giving up. Last error message was: 'Network Not Available' (default:unknown:0)
   135.481 - warning: QGeoTileRequestManager: Failed to fetch tile (68649,45887,17) 5 times, giving up. Last error message was: 'Network Not Available' (default:unknown:0)
   135.481 - warning: QGeoTileRequestManager: Failed to fetch tile (68650,45887,17) 5 times, giving up. Last error message was: 'Network Not Available' (default:unknown:0)
   135.482 - warning: QGeoTileRequestManager: Failed to fetch tile (68651,45887,17) 5 times, giving up. Last error message was: 'Network Not Available' (default:unknown:0)
   135.483 - warning: QGeoTileRequestManager: Failed to fetch tile (68643,45888,17) 5 times, giving up. Last error message was: 'Network Not Available' (default:unknown:0)
   135.483 - warning: QGeoTileRequestManager: Failed to fetch tile (68644,45888,17) 5 times, giving up. Last error message was: 'Network Not Available' (default:unknown:0)
   135.484 - warning: QGeoTileRequestManager: Failed to fetch tile (68645,45888,17) 5 times, giving up. Last error message was: 'Network Not Available' (default:unknown:0)
   135.485 - warning: QGeoTileRequestManager: Failed to fetch tile (68646,45888,17) 5 times, giving up. Last error message was: 'Network Not Available' (default:unknown:0)
   135.485 - warning: QGeoTileRequestManager: Failed to fetch tile (68647,45888,17) 5 times, giving up. Last error message was: 'Network Not Available' (default:unknown:0)
   135.486 - warning: QGeoTileRequestManager: Failed to fetch tile (68648,45888,17) 5 times, giving up. Last error message was: 'Network Not Available' (default:unknown:0)
   135.486 - warning: QGeoTileRequestManager: Failed to fetch tile (68649,45888,17) 5 times, giving up. Last error message was: 'Network Not Available' (default:unknown:0)
   135.487 - warning: QGeoTileRequestManager: Failed to fetch tile (68650,45888,17) 5 times, giving up. Last error message was: 'Network Not Available' (default:unknown:0)
   135.487 - warning: QGeoTileRequestManager: Failed to fetch tile (68651,45888,17) 5 times, giving up. Last error message was: 'Network Not Available' (default:unknown:0)
   135.487 - warning: QGeoTileRequestManager: Failed to fetch tile (68643,45889,17) 5 times, giving up. Last error message was: 'Network Not Available' (default:unknown:0)
   135.488 - warning: QGeoTileRequestManager: Failed to fetch tile (68644,45889,17) 5 times, giving up. Last error message was: 'Network Not Available' (default:unknown:0)
   135.489 - warning: QGeoTileRequestManager: Failed to fetch tile (68645,45889,17) 5 times, giving up. Last error message was: 'Network Not Available' (default:unknown:0)
   151.411 - warning: QGeoTileRequestManager: Failed to fetch tile (68643,45890,17) 5 times, giving up. Last error message was: 'Network Not Available' (default:unknown:0)
   151.413 - warning: QGeoTileRequestManager: Failed to fetch tile (68644,45890,17) 5 times, giving up. Last error message was: 'Network Not Available' (default:unknown:0)
   151.413 - warning: QGeoTileRequestManager: Failed to fetch tile (68645,45890,17) 5 times, giving up. Last error message was: 'Network Not Available' (default:unknown:0)
   151.414 - warning: QGeoTileRequestManager: Failed to fetch tile (68646,45890,17) 5 times, giving up. Last error message was: 'Network Not Available' (default:unknown:0)
   151.414 - warning: QGeoTileRequestManager: Failed to fetch tile (68647,45890,17) 5 times, giving up. Last error message was: 'Network Not Available' (default:unknown:0)
   151.414 - warning: QGeoTileRequestManager: Failed to fetch tile (68648,45890,17) 5 times, giving up. Last error message was: 'Network Not Available' (default:unknown:0)
   151.415 - warning: QGeoTileRequestManager: Failed to fetch tile (68649,45890,17) 5 times, giving up. Last error message was: 'Network Not Available' (default:unknown:0)
   151.415 - warning: QGeoTileRequestManager: Failed to fetch tile (68650,45890,17) 5 times, giving up. Last error message was: 'Network Not Available' (default:unknown:0)
   151.416 - warning: QGeoTileRequestManager: Failed to fetch tile (68646,45889,17) 5 times, giving up. Last error message was: 'Network Not Available' (default:unknown:0)
   151.416 - warning: QGeoTileRequestManager: Failed to fetch tile (68647,45889,17) 5 times, giving up. Last error message was: 'Network Not Available' (default:unknown:0)
   151.416 - warning: QGeoTileRequestManager: Failed to fetch tile (68648,45889,17) 5 times, giving up. Last error message was: 'Network Not Available' (default:unknown:0)
   151.417 - warning: QGeoTileRequestManager: Failed to fetch tile (68649,45889,17) 5 times, giving up. Last error message was: 'Network Not Available' (default:unknown:0)
   151.418 - warning: QGeoTileRequestManager: Failed to fetch tile (68650,45889,17) 5 times, giving up. Last error message was: 'Network Not Available' (default:unknown:0)
   151.418 - warning: QGeoTileRequestManager: Failed to fetch tile (68651,45889,17) 5 times, giving up. Last error message was: 'Network Not Available' (default:unknown:0)
   151.458 - warning: QGeoTileRequestManager: Failed to fetch tile (68651,45890,17) 5 times, giving up. Last error message was: 'Network Not Available' (default:unknown:0)
   151.459 - warning: QGeoTileRequestManager: Failed to fetch tile (68643,45886,17) 5 times, giving up. Last error message was: 'Network Not Available' (default:unknown:0)
   151.459 - warning: QGeoTileRequestManager: Failed to fetch tile (68644,45886,17) 5 times, giving up. Last error message was: 'Network Not Available' (default:unknown:0)
   151.459 - warning: QGeoTileRequestManager: Failed to fetch tile (68645,45886,17) 5 times, giving up. Last error message was: 'Network Not Available' (default:unknown:0)
   151.459 - warning: QGeoTileRequestManager: Failed to fetch tile (68646,45886,17) 5 times, giving up. Last error message was: 'Network Not Available' (default:unknown:0)
   151.459 - warning: QGeoTileRequestManager: Failed to fetch tile (68647,45886,17) 5 times, giving up. Last error message was: 'Network Not Available' (default:unknown:0)
   151.460 - warning: QGeoTileRequestManager: Failed to fetch tile (68648,45886,17) 5 times, giving up. Last error message was: 'Network Not Available' (default:unknown:0)
   151.460 - warning: QGeoTileRequestManager: Failed to fetch tile (68649,45886,17) 5 times, giving up. Last error message was: 'Network Not Available' (default:unknown:0)
   151.460 - warning: QGeoTileRequestManager: Failed to fetch tile (68650,45886,17) 5 times, giving up. Last error message was: 'Network Not Available' (default:unknown:0)
   151.461 - warning: QGeoTileRequestManager: Failed to fetch tile (68651,45886,17) 5 times, giving up. Last error message was: 'Network Not Available' (default:unknown:0)
   151.461 - warning: QGeoTileRequestManager: Failed to fetch tile (68643,45887,17) 5 times, giving up. Last error message was: 'Network Not Available' (default:unknown:0)
   151.461 - warning: QGeoTileRequestManager: Failed to fetch tile (68644,45887,17) 5 times, giving up. Last error message was: 'Network Not Available' (default:unknown:0)
   151.462 - warning: QGeoTileRequestManager: Failed to fetch tile (68645,45887,17) 5 times, giving up. Last error message was: 'Network Not Available' (default:unknown:0)
   151.462 - warning: QGeoTileRequestManager: Failed to fetch tile (68646,45887,17) 5 times, giving up. Last error message was: 'Network Not Available' (default:unknown:0)
   151.462 - warning: QGeoTileRequestManager: Failed to fetch tile (68647,45887,17) 5 times, giving up. Last error message was: 'Network Not Available' (default:unknown:0)
   151.463 - warning: QGeoTileRequestManager: Failed to fetch tile (68648,45887,17) 5 times, giving up. Last error message was: 'Network Not Available' (default:unknown:0)
   151.463 - warning: QGeoTileRequestManager: Failed to fetch tile (68649,45887,17) 5 times, giving up. Last error message was: 'Network Not Available' (default:unknown:0)
   151.463 - warning: QGeoTileRequestManager: Failed to fetch tile (68650,45887,17) 5 times, giving up. Last error message was: 'Network Not Available' (default:unknown:0)
   151.464 - warning: QGeoTileRequestManager: Failed to fetch tile (68651,45887,17) 5 times, giving up. Last error message was: 'Network Not Available' (default:unknown:0)
   151.465 - warning: QGeoTileRequestManager: Failed to fetch tile (68643,45888,17) 5 times, giving up. Last error message was: 'Network Not Available' (default:unknown:0)
   151.465 - warning: QGeoTileRequestManager: Failed to fetch tile (68644,45888,17) 5 times, giving up. Last error message was: 'Network Not Available' (default:unknown:0)
   151.466 - warning: QGeoTileRequestManager: Failed to fetch tile (68645,45888,17) 5 times, giving up. Last error message was: 'Network Not Available' (default:unknown:0)
   151.466 - warning: QGeoTileRequestManager: Failed to fetch tile (68646,45888,17) 5 times, giving up. Last error message was: 'Network Not Available' (default:unknown:0)
   151.466 - warning: QGeoTileRequestManager: Failed to fetch tile (68647,45888,17) 5 times, giving up. Last error message was: 'Network Not Available' (default:unknown:0)
   151.467 - warning: QGeoTileRequestManager: Failed to fetch tile (68648,45888,17) 5 times, giving up. Last error message was: 'Network Not Available' (default:unknown:0)
   151.467 - warning: QGeoTileRequestManager: Failed to fetch tile (68649,45888,17) 5 times, giving up. Last error message was: 'Network Not Available' (default:unknown:0)
   151.467 - warning: QGeoTileRequestManager: Failed to fetch tile (68650,45888,17) 5 times, giving up. Last error message was: 'Network Not Available' (default:unknown:0)
   151.467 - warning: QGeoTileRequestManager: Failed to fetch tile (68651,45888,17) 5 times, giving up. Last error message was: 'Network Not Available' (default:unknown:0)
   151.468 - warning: QGeoTileRequestManager: Failed to fetch tile (68643,45889,17) 5 times, giving up. Last error message was: 'Network Not Available' (default:unknown:0)
   151.468 - warning: QGeoTileRequestManager: Failed to fetch tile (68644,45889,17) 5 times, giving up. Last error message was: 'Network Not Available' (default:unknown:0)
   151.468 - warning: QGeoTileRequestManager: Failed to fetch tile (68645,45889,17) 5 times, giving up. Last error message was: 'Network Not Available' (default:unknown:0)
   167.415 - warning: QGeoTileRequestManager: Failed to fetch tile (68643,45890,17) 5 times, giving up. Last error message was: 'Network Not Available' (default:unknown:0)
   167.415 - warning: QGeoTileRequestManager: Failed to fetch tile (68644,45890,17) 5 times, giving up. Last error message was: 'Network Not Available' (default:unknown:0)
   167.415 - warning: QGeoTileRequestManager: Failed to fetch tile (68645,45890,17) 5 times, giving up. Last error message was: 'Network Not Available' (default:unknown:0)
   167.415 - warning: QGeoTileRequestManager: Failed to fetch tile (68646,45890,17) 5 times, giving up. Last error message was: 'Network Not Available' (default:unknown:0)
   167.416 - warning: QGeoTileRequestManager: Failed to fetch tile (68647,45890,17) 5 times, giving up. Last error message was: 'Network Not Available' (default:unknown:0)
   167.417 - warning: QGeoTileRequestManager: Failed to fetch tile (68648,45890,17) 5 times, giving up. Last error message was: 'Network Not Available' (default:unknown:0)
   167.419 - warning: QGeoTileRequestManager: Failed to fetch tile (68649,45890,17) 5 times, giving up. Last error message was: 'Network Not Available' (default:unknown:0)
   167.420 - warning: QGeoTileRequestManager: Failed to fetch tile (68650,45890,17) 5 times, giving up. Last error message was: 'Network Not Available' (default:unknown:0)
   167.420 - warning: QGeoTileRequestManager: Failed to fetch tile (68646,45889,17) 5 times, giving up. Last error message was: 'Network Not Available' (default:unknown:0)
   167.421 - warning: QGeoTileRequestManager: Failed to fetch tile (68647,45889,17) 5 times, giving up. Last error message was: 'Network Not Available' (default:unknown:0)
   167.421 - warning: QGeoTileRequestManager: Failed to fetch tile (68648,45889,17) 5 times, giving up. Last error message was: 'Network Not Available' (default:unknown:0)
   167.422 - warning: QGeoTileRequestManager: Failed to fetch tile (68649,45889,17) 5 times, giving up. Last error message was: 'Network Not Available' (default:unknown:0)
   167.422 - warning: QGeoTileRequestManager: Failed to fetch tile (68650,45889,17) 5 times, giving up. Last error message was: 'Network Not Available' (default:unknown:0)
   167.422 - warning: QGeoTileRequestManager: Failed to fetch tile (68651,45889,17) 5 times, giving up. Last error message was: 'Network Not Available' (default:unknown:0)
   167.422 - warning: QGeoTileRequestManager: Failed to fetch tile (68651,45890,17) 5 times, giving up. Last error message was: 'Network Not Available' (default:unknown:0)
   167.425 - warning: QGeoTileRequestManager: Failed to fetch tile (68643,45886,17) 5 times, giving up. Last error message was: 'Network Not Available' (default:unknown:0)
   167.425 - warning: QGeoTileRequestManager: Failed to fetch tile (68644,45886,17) 5 times, giving up. Last error message was: 'Network Not Available' (default:unknown:0)
   167.426 - warning: QGeoTileRequestManager: Failed to fetch tile (68645,45886,17) 5 times, giving up. Last error message was: 'Network Not Available' (default:unknown:0)
   167.426 - warning: QGeoTileRequestManager: Failed to fetch tile (68646,45886,17) 5 times, giving up. Last error message was: 'Network Not Available' (default:unknown:0)
   167.427 - warning: QGeoTileRequestManager: Failed to fetch tile (68647,45886,17) 5 times, giving up. Last error message was: 'Network Not Available' (default:unknown:0)
   167.427 - warning: QGeoTileRequestManager: Failed to fetch tile (68648,45886,17) 5 times, giving up. Last error message was: 'Network Not Available' (default:unknown:0)
   167.427 - warning: QGeoTileRequestManager: Failed to fetch tile (68649,45886,17) 5 times, giving up. Last error message was: 'Network Not Available' (default:unknown:0)
   167.427 - warning: QGeoTileRequestManager: Failed to fetch tile (68650,45886,17) 5 times, giving up. Last error message was: 'Network Not Available' (default:unknown:0)
   167.428 - warning: QGeoTileRequestManager: Failed to fetch tile (68651,45886,17) 5 times, giving up. Last error message was: 'Network Not Available' (default:unknown:0)
   167.428 - warning: QGeoTileRequestManager: Failed to fetch tile (68643,45887,17) 5 times, giving up. Last error message was: 'Network Not Available' (default:unknown:0)
   167.428 - warning: QGeoTileRequestManager: Failed to fetch tile (68644,45887,17) 5 times, giving up. Last error message was: 'Network Not Available' (default:unknown:0)
   167.429 - warning: QGeoTileRequestManager: Failed to fetch tile (68645,45887,17) 5 times, giving up. Last error message was: 'Network Not Available' (default:unknown:0)
   167.429 - warning: QGeoTileRequestManager: Failed to fetch tile (68646,45887,17) 5 times, giving up. Last error message was: 'Network Not Available' (default:unknown:0)
   167.429 - warning: QGeoTileRequestManager: Failed to fetch tile (68647,45887,17) 5 times, giving up. Last error message was: 'Network Not Available' (default:unknown:0)
   167.430 - warning: QGeoTileRequestManager: Failed to fetch tile (68648,45887,17) 5 times, giving up. Last error message was: 'Network Not Available' (default:unknown:0)
   167.431 - warning: QGeoTileRequestManager: Failed to fetch tile (68649,45887,17) 5 times, giving up. Last error message was: 'Network Not Available' (default:unknown:0)
   167.432 - warning: QGeoTileRequestManager: Failed to fetch tile (68650,45887,17) 5 times, giving up. Last error message was: 'Network Not Available' (default:unknown:0)
   167.433 - warning: QGeoTileRequestManager: Failed to fetch tile (68651,45887,17) 5 times, giving up. Last error message was: 'Network Not Available' (default:unknown:0)
   167.434 - warning: QGeoTileRequestManager: Failed to fetch tile (68643,45888,17) 5 times, giving up. Last error message was: 'Network Not Available' (default:unknown:0)
   167.435 - warning: QGeoTileRequestManager: Failed to fetch tile (68644,45888,17) 5 times, giving up. Last error message was: 'Network Not Available' (default:unknown:0)
   167.435 - warning: QGeoTileRequestManager: Failed to fetch tile (68645,45888,17) 5 times, giving up. Last error message was: 'Network Not Available' (default:unknown:0)
   167.435 - warning: QGeoTileRequestManager: Failed to fetch tile (68646,45888,17) 5 times, giving up. Last error message was: 'Network Not Available' (default:unknown:0)
   167.436 - warning: QGeoTileRequestManager: Failed to fetch tile (68647,45888,17) 5 times, giving up. Last error message was: 'Network Not Available' (default:unknown:0)
   167.436 - warning: QGeoTileRequestManager: Failed to fetch tile (68648,45888,17) 5 times, giving up. Last error message was: 'Network Not Available' (default:unknown:0)
   167.436 - warning: QGeoTileRequestManager: Failed to fetch tile (68649,45888,17) 5 times, giving up. Last error message was: 'Network Not Available' (default:unknown:0)
   167.437 - warning: QGeoTileRequestManager: Failed to fetch tile (68650,45888,17) 5 times, giving up. Last error message was: 'Network Not Available' (default:unknown:0)
   167.438 - warning: QGeoTileRequestManager: Failed to fetch tile (68651,45888,17) 5 times, giving up. Last error message was: 'Network Not Available' (default:unknown:0)
   167.438 - warning: QGeoTileRequestManager: Failed to fetch tile (68643,45889,17) 5 times, giving up. Last error message was: 'Network Not Available' (default:unknown:0)
   167.438 - warning: QGeoTileRequestManager: Failed to fetch tile (68644,45889,17) 5 times, giving up. Last error message was: 'Network Not Available' (default:unknown:0)
   167.438 - warning: QGeoTileRequestManager: Failed to fetch tile (68645,45889,17) 5 times, giving up. Last error message was: 'Network Not Available' (default:unknown:0)
   183.462 - warning: QGeoTileRequestManager: Failed to fetch tile (68646,45889,17) 5 times, giving up. Last error message was: 'Network Not Available' (default:unknown:0)
   183.462 - warning: QGeoTileRequestManager: Failed to fetch tile (68647,45889,17) 5 times, giving up. Last error message was: 'Network Not Available' (default:unknown:0)
   183.462 - warning: QGeoTileRequestManager: Failed to fetch tile (68648,45889,17) 5 times, giving up. Last error message was: 'Network Not Available' (default:unknown:0)
   183.463 - warning: QGeoTileRequestManager: Failed to fetch tile (68649,45889,17) 5 times, giving up. Last error message was: 'Network Not Available' (default:unknown:0)
   183.464 - warning: QGeoTileRequestManager: Failed to fetch tile (68650,45889,17) 5 times, giving up. Last error message was: 'Network Not Available' (default:unknown:0)
   183.464 - warning: QGeoTileRequestManager: Failed to fetch tile (68651,45889,17) 5 times, giving up. Last error message was: 'Network Not Available' (default:unknown:0)
   183.464 - warning: QGeoTileRequestManager: Failed to fetch tile (68643,45890,17) 5 times, giving up. Last error message was: 'Network Not Available' (default:unknown:0)
   183.465 - warning: QGeoTileRequestManager: Failed to fetch tile (68644,45890,17) 5 times, giving up. Last error message was: 'Network Not Available' (default:unknown:0)
   183.465 - warning: QGeoTileRequestManager: Failed to fetch tile (68645,45890,17) 5 times, giving up. Last error message was: 'Network Not Available' (default:unknown:0)
   183.466 - warning: QGeoTileRequestManager: Failed to fetch tile (68646,45890,17) 5 times, giving up. Last error message was: 'Network Not Available' (default:unknown:0)
   183.466 - warning: QGeoTileRequestManager: Failed to fetch tile (68647,45890,17) 5 times, giving up. Last error message was: 'Network Not Available' (default:unknown:0)
   183.466 - warning: QGeoTileRequestManager: Failed to fetch tile (68648,45890,17) 5 times, giving up. Last error message was: 'Network Not Available' (default:unknown:0)
   183.467 - warning: QGeoTileRequestManager: Failed to fetch tile (68649,45890,17) 5 times, giving up. Last error message was: 'Network Not Available' (default:unknown:0)
   183.467 - warning: QGeoTileRequestManager: Failed to fetch tile (68650,45890,17) 5 times, giving up. Last error message was: 'Network Not Available' (default:unknown:0)
   183.467 - warning: QGeoTileRequestManager: Failed to fetch tile (68651,45890,17) 5 times, giving up. Last error message was: 'Network Not Available' (default:unknown:0)
   183.468 - warning: QGeoTileRequestManager: Failed to fetch tile (68643,45886,17) 5 times, giving up. Last error message was: 'Network Not Available' (default:unknown:0)
   183.468 - warning: QGeoTileRequestManager: Failed to fetch tile (68644,45886,17) 5 times, giving up. Last error message was: 'Network Not Available' (default:unknown:0)
   183.469 - warning: QGeoTileRequestManager: Failed to fetch tile (68645,45886,17) 5 times, giving up. Last error message was: 'Network Not Available' (default:unknown:0)
   183.470 - warning: QGeoTileRequestManager: Failed to fetch tile (68646,45886,17) 5 times, giving up. Last error message was: 'Network Not Available' (default:unknown:0)
   183.470 - warning: QGeoTileRequestManager: Failed to fetch tile (68647,45886,17) 5 times, giving up. Last error message was: 'Network Not Available' (default:unknown:0)
   183.471 - warning: QGeoTileRequestManager: Failed to fetch tile (68648,45886,17) 5 times, giving up. Last error message was: 'Network Not Available' (default:unknown:0)
   183.472 - warning: QGeoTileRequestManager: Failed to fetch tile (68649,45886,17) 5 times, giving up. Last error message was: 'Network Not Available' (default:unknown:0)
   183.472 - warning: QGeoTileRequestManager: Failed to fetch tile (68650,45886,17) 5 times, giving up. Last error message was: 'Network Not Available' (default:unknown:0)
   183.473 - warning: QGeoTileRequestManager: Failed to fetch tile (68651,45886,17) 5 times, giving up. Last error message was: 'Network Not Available' (default:unknown:0)
   183.474 - warning: QGeoTileRequestManager: Failed to fetch tile (68643,45887,17) 5 times, giving up. Last error message was: 'Network Not Available' (default:unknown:0)
   183.474 - warning: QGeoTileRequestManager: Failed to fetch tile (68644,45887,17) 5 times, giving up. Last error message was: 'Network Not Available' (default:unknown:0)
   183.475 - warning: QGeoTileRequestManager: Failed to fetch tile (68645,45887,17) 5 times, giving up. Last error message was: 'Network Not Available' (default:unknown:0)
   183.475 - warning: QGeoTileRequestManager: Failed to fetch tile (68646,45887,17) 5 times, giving up. Last error message was: 'Network Not Available' (default:unknown:0)
   183.476 - warning: QGeoTileRequestManager: Failed to fetch tile (68647,45887,17) 5 times, giving up. Last error message was: 'Network Not Available' (default:unknown:0)
   183.476 - warning: QGeoTileRequestManager: Failed to fetch tile (68648,45887,17) 5 times, giving up. Last error message was: 'Network Not Available' (default:unknown:0)
   183.476 - warning: QGeoTileRequestManager: Failed to fetch tile (68649,45887,17) 5 times, giving up. Last error message was: 'Network Not Available' (default:unknown:0)
   183.477 - warning: QGeoTileRequestManager: Failed to fetch tile (68650,45887,17) 5 times, giving up. Last error message was: 'Network Not Available' (default:unknown:0)
   183.478 - warning: QGeoTileRequestManager: Failed to fetch tile (68651,45887,17) 5 times, giving up. Last error message was: 'Network Not Available' (default:unknown:0)
   183.479 - warning: QGeoTileRequestManager: Failed to fetch tile (68643,45888,17) 5 times, giving up. Last error message was: 'Network Not Available' (default:unknown:0)
   183.479 - warning: QGeoTileRequestManager: Failed to fetch tile (68644,45888,17) 5 times, giving up. Last error message was: 'Network Not Available' (default:unknown:0)
   183.480 - warning: QGeoTileRequestManager: Failed to fetch tile (68645,45888,17) 5 times, giving up. Last error message was: 'Network Not Available' (default:unknown:0)
   183.480 - warning: QGeoTileRequestManager: Failed to fetch tile (68646,45888,17) 5 times, giving up. Last error message was: 'Network Not Available' (default:unknown:0)
   183.481 - warning: QGeoTileRequestManager: Failed to fetch tile (68647,45888,17) 5 times, giving up. Last error message was: 'Network Not Available' (default:unknown:0)
   183.481 - warning: QGeoTileRequestManager: Failed to fetch tile (68648,45888,17) 5 times, giving up. Last error message was: 'Network Not Available' (default:unknown:0)
   183.482 - warning: QGeoTileRequestManager: Failed to fetch tile (68649,45888,17) 5 times, giving up. Last error message was: 'Network Not Available' (default:unknown:0)
   183.482 - warning: QGeoTileRequestManager: Failed to fetch tile (68650,45888,17) 5 times, giving up. Last error message was: 'Network Not Available' (default:unknown:0)
   183.483 - warning: QGeoTileRequestManager: Failed to fetch tile (68651,45888,17) 5 times, giving up. Last error message was: 'Network Not Available' (default:unknown:0)
   183.483 - warning: QGeoTileRequestManager: Failed to fetch tile (68643,45889,17) 5 times, giving up. Last error message was: 'Network Not Available' (default:unknown:0)
   183.483 - warning: QGeoTileRequestManager: Failed to fetch tile (68644,45889,17) 5 times, giving up. Last error message was: 'Network Not Available' (default:unknown:0)
   183.483 - warning: QGeoTileRequestManager: Failed to fetch tile (68645,45889,17) 5 times, giving up. Last error message was: 'Network Not Available' (default:unknown:0)
   199.410 - warning: QGeoTileRequestManager: Failed to fetch tile (68646,45889,17) 5 times, giving up. Last error message was: 'Network Not Available' (default:unknown:0)
   199.410 - warning: QGeoTileRequestManager: Failed to fetch tile (68647,45889,17) 5 times, giving up. Last error message was: 'Network Not Available' (default:unknown:0)
   199.410 - warning: QGeoTileRequestManager: Failed to fetch tile (68648,45889,17) 5 times, giving up. Last error message was: 'Network Not Available' (default:unknown:0)
   199.410 - warning: QGeoTileRequestManager: Failed to fetch tile (68649,45889,17) 5 times, giving up. Last error message was: 'Network Not Available' (default:unknown:0)
   199.411 - warning: QGeoTileRequestManager: Failed to fetch tile (68650,45889,17) 5 times, giving up. Last error message was: 'Network Not Available' (default:unknown:0)
   199.411 - warning: QGeoTileRequestManager: Failed to fetch tile (68651,45889,17) 5 times, giving up. Last error message was: 'Network Not Available' (default:unknown:0)
   199.411 - warning: QGeoTileRequestManager: Failed to fetch tile (68643,45890,17) 5 times, giving up. Last error message was: 'Network Not Available' (default:unknown:0)
   199.414 - warning: QGeoTileRequestManager: Failed to fetch tile (68644,45890,17) 5 times, giving up. Last error message was: 'Network Not Available' (default:unknown:0)
   199.414 - warning: QGeoTileRequestManager: Failed to fetch tile (68645,45890,17) 5 times, giving up. Last error message was: 'Network Not Available' (default:unknown:0)
   199.414 - warning: QGeoTileRequestManager: Failed to fetch tile (68646,45890,17) 5 times, giving up. Last error message was: 'Network Not Available' (default:unknown:0)
   199.414 - warning: QGeoTileRequestManager: Failed to fetch tile (68647,45890,17) 5 times, giving up. Last error message was: 'Network Not Available' (default:unknown:0)
   199.415 - warning: QGeoTileRequestManager: Failed to fetch tile (68648,45890,17) 5 times, giving up. Last error message was: 'Network Not Available' (default:unknown:0)
   199.415 - warning: QGeoTileRequestManager: Failed to fetch tile (68649,45890,17) 5 times, giving up. Last error message was: 'Network Not Available' (default:unknown:0)
   199.421 - warning: QGeoTileRequestManager: Failed to fetch tile (68650,45890,17) 5 times, giving up. Last error message was: 'Network Not Available' (default:unknown:0)
   199.422 - warning: QGeoTileRequestManager: Failed to fetch tile (68651,45890,17) 5 times, giving up. Last error message was: 'Network Not Available' (default:unknown:0)
   199.422 - warning: QGeoTileRequestManager: Failed to fetch tile (68643,45886,17) 5 times, giving up. Last error message was: 'Network Not Available' (default:unknown:0)
   199.422 - warning: QGeoTileRequestManager: Failed to fetch tile (68644,45886,17) 5 times, giving up. Last error message was: 'Network Not Available' (default:unknown:0)
   199.423 - warning: QGeoTileRequestManager: Failed to fetch tile (68645,45886,17) 5 times, giving up. Last error message was: 'Network Not Available' (default:unknown:0)
   199.423 - warning: QGeoTileRequestManager: Failed to fetch tile (68646,45886,17) 5 times, giving up. Last error message was: 'Network Not Available' (default:unknown:0)
   199.423 - warning: QGeoTileRequestManager: Failed to fetch tile (68647,45886,17) 5 times, giving up. Last error message was: 'Network Not Available' (default:unknown:0)
   199.424 - warning: QGeoTileRequestManager: Failed to fetch tile (68648,45886,17) 5 times, giving up. Last error message was: 'Network Not Available' (default:unknown:0)
   199.424 - warning: QGeoTileRequestManager: Failed to fetch tile (68649,45886,17) 5 times, giving up. Last error message was: 'Network Not Available' (default:unknown:0)
   199.424 - warning: QGeoTileRequestManager: Failed to fetch tile (68650,45886,17) 5 times, giving up. Last error message was: 'Network Not Available' (default:unknown:0)
   199.426 - warning: QGeoTileRequestManager: Failed to fetch tile (68651,45886,17) 5 times, giving up. Last error message was: 'Network Not Available' (default:unknown:0)
   199.427 - warning: QGeoTileRequestManager: Failed to fetch tile (68643,45887,17) 5 times, giving up. Last error message was: 'Network Not Available' (default:unknown:0)
   199.427 - warning: QGeoTileRequestManager: Failed to fetch tile (68644,45887,17) 5 times, giving up. Last error message was: 'Network Not Available' (default:unknown:0)
   199.427 - warning: QGeoTileRequestManager: Failed to fetch tile (68645,45887,17) 5 times, giving up. Last error message was: 'Network Not Available' (default:unknown:0)
   199.428 - warning: QGeoTileRequestManager: Failed to fetch tile (68646,45887,17) 5 times, giving up. Last error message was: 'Network Not Available' (default:unknown:0)
   199.428 - warning: QGeoTileRequestManager: Failed to fetch tile (68647,45887,17) 5 times, giving up. Last error message was: 'Network Not Available' (default:unknown:0)
   199.428 - warning: QGeoTileRequestManager: Failed to fetch tile (68648,45887,17) 5 times, giving up. Last error message was: 'Network Not Available' (default:unknown:0)
   199.430 - warning: QGeoTileRequestManager: Failed to fetch tile (68649,45887,17) 5 times, giving up. Last error message was: 'Network Not Available' (default:unknown:0)
   199.430 - warning: QGeoTileRequestManager: Failed to fetch tile (68650,45887,17) 5 times, giving up. Last error message was: 'Network Not Available' (default:unknown:0)
   199.430 - warning: QGeoTileRequestManager: Failed to fetch tile (68651,45887,17) 5 times, giving up. Last error message was: 'Network Not Available' (default:unknown:0)
   199.431 - warning: QGeoTileRequestManager: Failed to fetch tile (68643,45888,17) 5 times, giving up. Last error message was: 'Network Not Available' (default:unknown:0)
   199.431 - warning: QGeoTileRequestManager: Failed to fetch tile (68644,45888,17) 5 times, giving up. Last error message was: 'Network Not Available' (default:unknown:0)
   199.431 - warning: QGeoTileRequestManager: Failed to fetch tile (68645,45888,17) 5 times, giving up. Last error message was: 'Network Not Available' (default:unknown:0)
   199.431 - warning: QGeoTileRequestManager: Failed to fetch tile (68646,45888,17) 5 times, giving up. Last error message was: 'Network Not Available' (default:unknown:0)
   199.432 - warning: QGeoTileRequestManager: Failed to fetch tile (68647,45888,17) 5 times, giving up. Last error message was: 'Network Not Available' (default:unknown:0)
   199.433 - warning: QGeoTileRequestManager: Failed to fetch tile (68648,45888,17) 5 times, giving up. Last error message was: 'Network Not Available' (default:unknown:0)
   199.436 - warning: QGeoTileRequestManager: Failed to fetch tile (68649,45888,17) 5 times, giving up. Last error message was: 'Network Not Available' (default:unknown:0)
   199.438 - warning: QGeoTileRequestManager: Failed to fetch tile (68650,45888,17) 5 times, giving up. Last error message was: 'Network Not Available' (default:unknown:0)
   199.439 - warning: QGeoTileRequestManager: Failed to fetch tile (68651,45888,17) 5 times, giving up. Last error message was: 'Network Not Available' (default:unknown:0)
   199.439 - warning: QGeoTileRequestManager: Failed to fetch tile (68643,45889,17) 5 times, giving up. Last error message was: 'Network Not Available' (default:unknown:0)
   199.439 - warning: QGeoTileRequestManager: Failed to fetch tile (68644,45889,17) 5 times, giving up. Last error message was: 'Network Not Available' (default:unknown:0)
   199.439 - warning: QGeoTileRequestManager: Failed to fetch tile (68645,45889,17) 5 times, giving up. Last error message was: 'Network Not Available' (default:unknown:0)
   215.417 - warning: QGeoTileRequestManager: Failed to fetch tile (68646,45889,17) 5 times, giving up. Last error message was: 'Network Not Available' (default:unknown:0)
   215.417 - warning: QGeoTileRequestManager: Failed to fetch tile (68647,45889,17) 5 times, giving up. Last error message was: 'Network Not Available' (default:unknown:0)
   215.419 - warning: QGeoTileRequestManager: Failed to fetch tile (68648,45889,17) 5 times, giving up. Last error message was: 'Network Not Available' (default:unknown:0)
   215.419 - warning: QGeoTileRequestManager: Failed to fetch tile (68649,45889,17) 5 times, giving up. Last error message was: 'Network Not Available' (default:unknown:0)
   215.419 - warning: QGeoTileRequestManager: Failed to fetch tile (68650,45889,17) 5 times, giving up. Last error message was: 'Network Not Available' (default:unknown:0)
   215.419 - warning: QGeoTileRequestManager: Failed to fetch tile (68651,45889,17) 5 times, giving up. Last error message was: 'Network Not Available' (default:unknown:0)
   215.419 - warning: QGeoTileRequestManager: Failed to fetch tile (68643,45890,17) 5 times, giving up. Last error message was: 'Network Not Available' (default:unknown:0)
   215.420 - warning: QGeoTileRequestManager: Failed to fetch tile (68644,45890,17) 5 times, giving up. Last error message was: 'Network Not Available' (default:unknown:0)
   215.420 - warning: QGeoTileRequestManager: Failed to fetch tile (68645,45890,17) 5 times, giving up. Last error message was: 'Network Not Available' (default:unknown:0)
   215.420 - warning: QGeoTileRequestManager: Failed to fetch tile (68646,45890,17) 5 times, giving up. Last error message was: 'Network Not Available' (default:unknown:0)
   215.420 - warning: QGeoTileRequestManager: Failed to fetch tile (68647,45890,17) 5 times, giving up. Last error message was: 'Network Not Available' (default:unknown:0)
   215.422 - warning: QGeoTileRequestManager: Failed to fetch tile (68648,45890,17) 5 times, giving up. Last error message was: 'Network Not Available' (default:unknown:0)
   215.422 - warning: QGeoTileRequestManager: Failed to fetch tile (68649,45890,17) 5 times, giving up. Last error message was: 'Network Not Available' (default:unknown:0)
   215.423 - warning: QGeoTileRequestManager: Failed to fetch tile (68650,45890,17) 5 times, giving up. Last error message was: 'Network Not Available' (default:unknown:0)
   215.423 - warning: QGeoTileRequestManager: Failed to fetch tile (68651,45890,17) 5 times, giving up. Last error message was: 'Network Not Available' (default:unknown:0)
   215.423 - warning: QGeoTileRequestManager: Failed to fetch tile (68643,45886,17) 5 times, giving up. Last error message was: 'Network Not Available' (default:unknown:0)
   215.423 - warning: QGeoTileRequestManager: Failed to fetch tile (68644,45886,17) 5 times, giving up. Last error message was: 'Network Not Available' (default:unknown:0)
   215.424 - warning: QGeoTileRequestManager: Failed to fetch tile (68645,45886,17) 5 times, giving up. Last error message was: 'Network Not Available' (default:unknown:0)
   215.425 - warning: QGeoTileRequestManager: Failed to fetch tile (68646,45886,17) 5 times, giving up. Last error message was: 'Network Not Available' (default:unknown:0)
   215.426 - warning: QGeoTileRequestManager: Failed to fetch tile (68647,45886,17) 5 times, giving up. Last error message was: 'Network Not Available' (default:unknown:0)
   215.426 - warning: QGeoTileRequestManager: Failed to fetch tile (68648,45886,17) 5 times, giving up. Last error message was: 'Network Not Available' (default:unknown:0)
   215.426 - warning: QGeoTileRequestManager: Failed to fetch tile (68649,45886,17) 5 times, giving up. Last error message was: 'Network Not Available' (default:unknown:0)
   215.426 - warning: QGeoTileRequestManager: Failed to fetch tile (68650,45886,17) 5 times, giving up. Last error message was: 'Network Not Available' (default:unknown:0)
   215.426 - warning: QGeoTileRequestManager: Failed to fetch tile (68651,45886,17) 5 times, giving up. Last error message was: 'Network Not Available' (default:unknown:0)
   215.426 - warning: QGeoTileRequestManager: Failed to fetch tile (68643,45887,17) 5 times, giving up. Last error message was: 'Network Not Available' (default:unknown:0)
   215.428 - warning: QGeoTileRequestManager: Failed to fetch tile (68644,45887,17) 5 times, giving up. Last error message was: 'Network Not Available' (default:unknown:0)
   215.431 - warning: QGeoTileRequestManager: Failed to fetch tile (68645,45887,17) 5 times, giving up. Last error message was: 'Network Not Available' (default:unknown:0)
   215.431 - warning: QGeoTileRequestManager: Failed to fetch tile (68646,45887,17) 5 times, giving up. Last error message was: 'Network Not Available' (default:unknown:0)
   215.432 - warning: QGeoTileRequestManager: Failed to fetch tile (68647,45887,17) 5 times, giving up. Last error message was: 'Network Not Available' (default:unknown:0)
   215.432 - warning: QGeoTileRequestManager: Failed to fetch tile (68648,45887,17) 5 times, giving up. Last error message was: 'Network Not Available' (default:unknown:0)
   215.432 - warning: QGeoTileRequestManager: Failed to fetch tile (68649,45887,17) 5 times, giving up. Last error message was: 'Network Not Available' (default:unknown:0)
   215.432 - warning: QGeoTileRequestManager: Failed to fetch tile (68650,45887,17) 5 times, giving up. Last error message was: 'Network Not Available' (default:unknown:0)
   215.433 - warning: QGeoTileRequestManager: Failed to fetch tile (68651,45887,17) 5 times, giving up. Last error message was: 'Network Not Available' (default:unknown:0)
   215.433 - warning: QGeoTileRequestManager: Failed to fetch tile (68643,45888,17) 5 times, giving up. Last error message was: 'Network Not Available' (default:unknown:0)
   215.434 - warning: QGeoTileRequestManager: Failed to fetch tile (68644,45888,17) 5 times, giving up. Last error message was: 'Network Not Available' (default:unknown:0)
   215.434 - warning: QGeoTileRequestManager: Failed to fetch tile (68645,45888,17) 5 times, giving up. Last error message was: 'Network Not Available' (default:unknown:0)
   215.435 - warning: QGeoTileRequestManager: Failed to fetch tile (68646,45888,17) 5 times, giving up. Last error message was: 'Network Not Available' (default:unknown:0)
   215.435 - warning: QGeoTileRequestManager: Failed to fetch tile (68647,45888,17) 5 times, giving up. Last error message was: 'Network Not Available' (default:unknown:0)
   215.436 - warning: QGeoTileRequestManager: Failed to fetch tile (68648,45888,17) 5 times, giving up. Last error message was: 'Network Not Available' (default:unknown:0)
   215.436 - warning: QGeoTileRequestManager: Failed to fetch tile (68649,45888,17) 5 times, giving up. Last error message was: 'Network Not Available' (default:unknown:0)
   215.436 - warning: QGeoTileRequestManager: Failed to fetch tile (68650,45888,17) 5 times, giving up. Last error message was: 'Network Not Available' (default:unknown:0)
   215.437 - warning: QGeoTileRequestManager: Failed to fetch tile (68651,45888,17) 5 times, giving up. Last error message was: 'Network Not Available' (default:unknown:0)
   215.437 - warning: QGeoTileRequestManager: Failed to fetch tile (68643,45889,17) 5 times, giving up. Last error message was: 'Network Not Available' (default:unknown:0)
   215.437 - warning: QGeoTileRequestManager: Failed to fetch tile (68644,45889,17) 5 times, giving up. Last error message was: 'Network Not Available' (default:unknown:0)
   215.437 - warning: QGeoTileRequestManager: Failed to fetch tile (68645,45889,17) 5 times, giving up. Last error message was: 'Network Not Available' (default:unknown:0)
   231.464 - warning: QGeoTileRequestManager: Failed to fetch tile (68646,45889,17) 5 times, giving up. Last error message was: 'Network Not Available' (default:unknown:0)
   231.464 - warning: QGeoTileRequestManager: Failed to fetch tile (68647,45889,17) 5 times, giving up. Last error message was: 'Network Not Available' (default:unknown:0)
   231.464 - warning: QGeoTileRequestManager: Failed to fetch tile (68648,45889,17) 5 times, giving up. Last error message was: 'Network Not Available' (default:unknown:0)
   231.464 - warning: QGeoTileRequestManager: Failed to fetch tile (68649,45889,17) 5 times, giving up. Last error message was: 'Network Not Available' (default:unknown:0)
   231.464 - warning: QGeoTileRequestManager: Failed to fetch tile (68650,45889,17) 5 times, giving up. Last error message was: 'Network Not Available' (default:unknown:0)
   231.464 - warning: QGeoTileRequestManager: Failed to fetch tile (68651,45889,17) 5 times, giving up. Last error message was: 'Network Not Available' (default:unknown:0)
   231.465 - warning: QGeoTileRequestManager: Failed to fetch tile (68643,45890,17) 5 times, giving up. Last error message was: 'Network Not Available' (default:unknown:0)
   231.465 - warning: QGeoTileRequestManager: Failed to fetch tile (68644,45890,17) 5 times, giving up. Last error message was: 'Network Not Available' (default:unknown:0)
   231.465 - warning: QGeoTileRequestManager: Failed to fetch tile (68645,45890,17) 5 times, giving up. Last error message was: 'Network Not Available' (default:unknown:0)
   231.465 - warning: QGeoTileRequestManager: Failed to fetch tile (68646,45890,17) 5 times, giving up. Last error message was: 'Network Not Available' (default:unknown:0)
   231.465 - warning: QGeoTileRequestManager: Failed to fetch tile (68647,45890,17) 5 times, giving up. Last error message was: 'Network Not Available' (default:unknown:0)
   231.465 - warning: QGeoTileRequestManager: Failed to fetch tile (68648,45890,17) 5 times, giving up. Last error message was: 'Network Not Available' (default:unknown:0)
   231.465 - warning: QGeoTileRequestManager: Failed to fetch tile (68649,45890,17) 5 times, giving up. Last error message was: 'Network Not Available' (default:unknown:0)
   231.465 - warning: QGeoTileRequestManager: Failed to fetch tile (68650,45890,17) 5 times, giving up. Last error message was: 'Network Not Available' (default:unknown:0)
   231.466 - warning: QGeoTileRequestManager: Failed to fetch tile (68651,45890,17) 5 times, giving up. Last error message was: 'Network Not Available' (default:unknown:0)
   231.466 - warning: QGeoTileRequestManager: Failed to fetch tile (68643,45886,17) 5 times, giving up. Last error message was: 'Network Not Available' (default:unknown:0)
   231.470 - warning: QGeoTileRequestManager: Failed to fetch tile (68644,45886,17) 5 times, giving up. Last error message was: 'Network Not Available' (default:unknown:0)
   231.470 - warning: QGeoTileRequestManager: Failed to fetch tile (68645,45886,17) 5 times, giving up. Last error message was: 'Network Not Available' (default:unknown:0)
   231.471 - warning: QGeoTileRequestManager: Failed to fetch tile (68646,45886,17) 5 times, giving up. Last error message was: 'Network Not Available' (default:unknown:0)
   231.472 - warning: QGeoTileRequestManager: Failed to fetch tile (68647,45886,17) 5 times, giving up. Last error message was: 'Network Not Available' (default:unknown:0)
   231.472 - warning: QGeoTileRequestManager: Failed to fetch tile (68648,45886,17) 5 times, giving up. Last error message was: 'Network Not Available' (default:unknown:0)
   231.472 - warning: QGeoTileRequestManager: Failed to fetch tile (68649,45886,17) 5 times, giving up. Last error message was: 'Network Not Available' (default:unknown:0)
   231.473 - warning: QGeoTileRequestManager: Failed to fetch tile (68650,45886,17) 5 times, giving up. Last error message was: 'Network Not Available' (default:unknown:0)
   231.473 - warning: QGeoTileRequestManager: Failed to fetch tile (68651,45886,17) 5 times, giving up. Last error message was: 'Network Not Available' (default:unknown:0)
   231.474 - warning: QGeoTileRequestManager: Failed to fetch tile (68643,45887,17) 5 times, giving up. Last error message was: 'Network Not Available' (default:unknown:0)
   231.474 - warning: QGeoTileRequestManager: Failed to fetch tile (68644,45887,17) 5 times, giving up. Last error message was: 'Network Not Available' (default:unknown:0)
   231.475 - warning: QGeoTileRequestManager: Failed to fetch tile (68645,45887,17) 5 times, giving up. Last error message was: 'Network Not Available' (default:unknown:0)
   231.475 - warning: QGeoTileRequestManager: Failed to fetch tile (68646,45887,17) 5 times, giving up. Last error message was: 'Network Not Available' (default:unknown:0)
   231.475 - warning: QGeoTileRequestManager: Failed to fetch tile (68647,45887,17) 5 times, giving up. Last error message was: 'Network Not Available' (default:unknown:0)
   231.476 - warning: QGeoTileRequestManager: Failed to fetch tile (68648,45887,17) 5 times, giving up. Last error message was: 'Network Not Available' (default:unknown:0)
   231.476 - warning: QGeoTileRequestManager: Failed to fetch tile (68649,45887,17) 5 times, giving up. Last error message was: 'Network Not Available' (default:unknown:0)
   231.476 - warning: QGeoTileRequestManager: Failed to fetch tile (68650,45887,17) 5 times, giving up. Last error message was: 'Network Not Available' (default:unknown:0)
   231.476 - warning: QGeoTileRequestManager: Failed to fetch tile (68651,45887,17) 5 times, giving up. Last error message was: 'Network Not Available' (default:unknown:0)
   231.477 - warning: QGeoTileRequestManager: Failed to fetch tile (68643,45888,17) 5 times, giving up. Last error message was: 'Network Not Available' (default:unknown:0)
   231.477 - warning: QGeoTileRequestManager: Failed to fetch tile (68644,45888,17) 5 times, giving up. Last error message was: 'Network Not Available' (default:unknown:0)
   231.478 - warning: QGeoTileRequestManager: Failed to fetch tile (68645,45888,17) 5 times, giving up. Last error message was: 'Network Not Available' (default:unknown:0)
   231.479 - warning: QGeoTileRequestManager: Failed to fetch tile (68646,45888,17) 5 times, giving up. Last error message was: 'Network Not Available' (default:unknown:0)
   231.480 - warning: QGeoTileRequestManager: Failed to fetch tile (68647,45888,17) 5 times, giving up. Last error message was: 'Network Not Available' (default:unknown:0)
   231.481 - warning: QGeoTileRequestManager: Failed to fetch tile (68648,45888,17) 5 times, giving up. Last error message was: 'Network Not Available' (default:unknown:0)
   231.482 - warning: QGeoTileRequestManager: Failed to fetch tile (68649,45888,17) 5 times, giving up. Last error message was: 'Network Not Available' (default:unknown:0)
   231.482 - warning: QGeoTileRequestManager: Failed to fetch tile (68650,45888,17) 5 times, giving up. Last error message was: 'Network Not Available' (default:unknown:0)
   231.483 - warning: QGeoTileRequestManager: Failed to fetch tile (68651,45888,17) 5 times, giving up. Last error message was: 'Network Not Available' (default:unknown:0)
   231.483 - warning: QGeoTileRequestManager: Failed to fetch tile (68643,45889,17) 5 times, giving up. Last error message was: 'Network Not Available' (default:unknown:0)
   231.483 - warning: QGeoTileRequestManager: Failed to fetch tile (68644,45889,17) 5 times, giving up. Last error message was: 'Network Not Available' (default:unknown:0)
   231.483 - warning: QGeoTileRequestManager: Failed to fetch tile (68645,45889,17) 5 times, giving up. Last error message was: 'Network Not Available' (default:unknown:0)
   247.410 - warning: QGeoTileRequestManager: Failed to fetch tile (68646,45889,17) 5 times, giving up. Last error message was: 'Network Not Available' (default:unknown:0)
   247.410 - warning: QGeoTileRequestManager: Failed to fetch tile (68647,45889,17) 5 times, giving up. Last error message was: 'Network Not Available' (default:unknown:0)
   247.413 - warning: QGeoTileRequestManager: Failed to fetch tile (68648,45889,17) 5 times, giving up. Last error message was: 'Network Not Available' (default:unknown:0)
   247.413 - warning: QGeoTileRequestManager: Failed to fetch tile (68649,45889,17) 5 times, giving up. Last error message was: 'Network Not Available' (default:unknown:0)
   247.413 - warning: QGeoTileRequestManager: Failed to fetch tile (68650,45889,17) 5 times, giving up. Last error message was: 'Network Not Available' (default:unknown:0)
   247.413 - warning: QGeoTileRequestManager: Failed to fetch tile (68651,45889,17) 5 times, giving up. Last error message was: 'Network Not Available' (default:unknown:0)
   247.415 - warning: QGeoTileRequestManager: Failed to fetch tile (68643,45890,17) 5 times, giving up. Last error message was: 'Network Not Available' (default:unknown:0)
   247.415 - warning: QGeoTileRequestManager: Failed to fetch tile (68644,45890,17) 5 times, giving up. Last error message was: 'Network Not Available' (default:unknown:0)
   247.415 - warning: QGeoTileRequestManager: Failed to fetch tile (68645,45890,17) 5 times, giving up. Last error message was: 'Network Not Available' (default:unknown:0)
   247.415 - warning: QGeoTileRequestManager: Failed to fetch tile (68646,45890,17) 5 times, giving up. Last error message was: 'Network Not Available' (default:unknown:0)
   247.415 - warning: QGeoTileRequestManager: Failed to fetch tile (68647,45890,17) 5 times, giving up. Last error message was: 'Network Not Available' (default:unknown:0)
   247.415 - warning: QGeoTileRequestManager: Failed to fetch tile (68648,45890,17) 5 times, giving up. Last error message was: 'Network Not Available' (default:unknown:0)
   247.415 - warning: QGeoTileRequestManager: Failed to fetch tile (68649,45890,17) 5 times, giving up. Last error message was: 'Network Not Available' (default:unknown:0)
   247.416 - warning: QGeoTileRequestManager: Failed to fetch tile (68650,45890,17) 5 times, giving up. Last error message was: 'Network Not Available' (default:unknown:0)
   247.416 - warning: QGeoTileRequestManager: Failed to fetch tile (68651,45890,17) 5 times, giving up. Last error message was: 'Network Not Available' (default:unknown:0)
   247.417 - warning: QGeoTileRequestManager: Failed to fetch tile (68643,45886,17) 5 times, giving up. Last error message was: 'Network Not Available' (default:unknown:0)
   247.417 - warning: QGeoTileRequestManager: Failed to fetch tile (68644,45886,17) 5 times, giving up. Last error message was: 'Network Not Available' (default:unknown:0)
   247.417 - warning: QGeoTileRequestManager: Failed to fetch tile (68645,45886,17) 5 times, giving up. Last error message was: 'Network Not Available' (default:unknown:0)
   247.419 - warning: QGeoTileRequestManager: Failed to fetch tile (68646,45886,17) 5 times, giving up. Last error message was: 'Network Not Available' (default:unknown:0)
   247.420 - warning: QGeoTileRequestManager: Failed to fetch tile (68647,45886,17) 5 times, giving up. Last error message was: 'Network Not Available' (default:unknown:0)
   247.421 - warning: QGeoTileRequestManager: Failed to fetch tile (68648,45886,17) 5 times, giving up. Last error message was: 'Network Not Available' (default:unknown:0)
   247.422 - warning: QGeoTileRequestManager: Failed to fetch tile (68649,45886,17) 5 times, giving up. Last error message was: 'Network Not Available' (default:unknown:0)
   247.423 - warning: QGeoTileRequestManager: Failed to fetch tile (68650,45886,17) 5 times, giving up. Last error message was: 'Network Not Available' (default:unknown:0)
   247.424 - warning: QGeoTileRequestManager: Failed to fetch tile (68651,45886,17) 5 times, giving up. Last error message was: 'Network Not Available' (default:unknown:0)
   247.424 - warning: QGeoTileRequestManager: Failed to fetch tile (68643,45887,17) 5 times, giving up. Last error message was: 'Network Not Available' (default:unknown:0)
   247.424 - warning: QGeoTileRequestManager: Failed to fetch tile (68644,45887,17) 5 times, giving up. Last error message was: 'Network Not Available' (default:unknown:0)
   247.424 - warning: QGeoTileRequestManager: Failed to fetch tile (68645,45887,17) 5 times, giving up. Last error message was: 'Network Not Available' (default:unknown:0)
   247.425 - warning: QGeoTileRequestManager: Failed to fetch tile (68646,45887,17) 5 times, giving up. Last error message was: 'Network Not Available' (default:unknown:0)
   247.425 - warning: QGeoTileRequestManager: Failed to fetch tile (68647,45887,17) 5 times, giving up. Last error message was: 'Network Not Available' (default:unknown:0)
   247.426 - warning: QGeoTileRequestManager: Failed to fetch tile (68648,45887,17) 5 times, giving up. Last error message was: 'Network Not Available' (default:unknown:0)
   247.427 - warning: QGeoTileRequestManager: Failed to fetch tile (68649,45887,17) 5 times, giving up. Last error message was: 'Network Not Available' (default:unknown:0)
   247.428 - warning: QGeoTileRequestManager: Failed to fetch tile (68650,45887,17) 5 times, giving up. Last error message was: 'Network Not Available' (default:unknown:0)
   247.428 - warning: QGeoTileRequestManager: Failed to fetch tile (68651,45887,17) 5 times, giving up. Last error message was: 'Network Not Available' (default:unknown:0)
   247.429 - warning: QGeoTileRequestManager: Failed to fetch tile (68643,45888,17) 5 times, giving up. Last error message was: 'Network Not Available' (default:unknown:0)
   247.430 - warning: QGeoTileRequestManager: Failed to fetch tile (68644,45888,17) 5 times, giving up. Last error message was: 'Network Not Available' (default:unknown:0)
   247.430 - warning: QGeoTileRequestManager: Failed to fetch tile (68645,45888,17) 5 times, giving up. Last error message was: 'Network Not Available' (default:unknown:0)
   247.430 - warning: QGeoTileRequestManager: Failed to fetch tile (68646,45888,17) 5 times, giving up. Last error message was: 'Network Not Available' (default:unknown:0)
   247.431 - warning: QGeoTileRequestManager: Failed to fetch tile (68647,45888,17) 5 times, giving up. Last error message was: 'Network Not Available' (default:unknown:0)
   247.432 - warning: QGeoTileRequestManager: Failed to fetch tile (68648,45888,17) 5 times, giving up. Last error message was: 'Network Not Available' (default:unknown:0)
   247.432 - warning: QGeoTileRequestManager: Failed to fetch tile (68649,45888,17) 5 times, giving up. Last error message was: 'Network Not Available' (default:unknown:0)
   247.432 - warning: QGeoTileRequestManager: Failed to fetch tile (68650,45888,17) 5 times, giving up. Last error message was: 'Network Not Available' (default:unknown:0)
   247.433 - warning: QGeoTileRequestManager: Failed to fetch tile (68651,45888,17) 5 times, giving up. Last error message was: 'Network Not Available' (default:unknown:0)
   247.433 - warning: QGeoTileRequestManager: Failed to fetch tile (68643,45889,17) 5 times, giving up. Last error message was: 'Network Not Available' (default:unknown:0)
   247.433 - warning: QGeoTileRequestManager: Failed to fetch tile (68644,45889,17) 5 times, giving up. Last error message was: 'Network Not Available' (default:unknown:0)
   247.433 - warning: QGeoTileRequestManager: Failed to fetch tile (68645,45889,17) 5 times, giving up. Last error message was: 'Network Not Available' (default:unknown:0)
   253.767 - warning: qrc:/qml/QGroundControl/FlightMap/Widgets/PhotoVideoControl.qml:36: TypeError: Cannot read property 'currentCameraInstance' of null (default:unknown:36)
   253.767 - warning: qrc:/qml/QGroundControl/FlightMap/Widgets/PhotoVideoControl.qml:88: TypeError: Cannot read property 'cameras' of null (default:unknown:88)
   253.767 - warning: qrc:/qml/QGroundControl/FlightMap/Widgets/PhotoVideoControl.qml:36: TypeError: Cannot read property 'currentCameraInstance' of null (default:unknown:36)
   253.767 - warning: qrc:/qml/QGroundControl/FlightMap/Widgets/PhotoVideoControl.qml:88: TypeError: Cannot read property 'cameras' of null (default:unknown:88)
   253.767 - warning: qrc:/qml/QGroundControl/FlightMap/Widgets/PhotoVideoControl.qml:267: TypeError: Cannot read property 'trackingEnabled' of null (default:unknown:267)
   253.768 - warning: qrc:/qml/QGroundControl/FlightMap/Widgets/PhotoVideoControl.qml:252: TypeError: Cannot read property 'batteryRemainingStr' of null (default:unknown:252)
   253.768 - warning: qrc:/qml/QGroundControl/FlightMap/Widgets/PhotoVideoControl.qml:254: TypeError: Cannot read property 'batteryRemaining' of null (default:unknown:254)
   253.768 - warning: qrc:/qml/QGroundControl/FlightMap/Widgets/PhotoVideoControl.qml:245: TypeError: Cannot read property 'storageFreeStr' of null (default:unknown:245)
   253.768 - warning: qrc:/qml/QGroundControl/FlightMap/Widgets/PhotoVideoControl.qml:247: TypeError: Cannot read property 'storageStatus' of null (default:unknown:247)
   253.768 - warning: qrc:/qml/QGroundControl/FlightMap/Widgets/PhotoVideoControl.qml:37: TypeError: Cannot read property 'cameraMode' of null (default:unknown:37)
   253.768 - warning: qrc:/qml/QGroundControl/FlightMap/Widgets/PhotoVideoControl.qml:39: TypeError: Cannot read property 'videoCaptureStatus' of null (default:unknown:39)
   253.768 - warning: qrc:/qml/QGroundControl/FlightMap/Widgets/PhotoVideoControl.qml:181: TypeError: Cannot read property 'videoCaptureStatus' of null (default:unknown:181)
   253.768 - warning: qrc:/qml/QGroundControl/FlightMap/Widgets/PhotoVideoControl.qml:98: TypeError: Cannot read property 'hasModes' of null (default:unknown:98)
   253.768 - warning: qrc:/qml/QGroundControl/FlightMap/Widgets/PhotoVideoControl.qml:87: TypeError: Cannot read property 'modelName' of null (default:unknown:87)
   253.768 - warning: qrc:/qml/QGroundControl/FlightMap/Widgets/PhotoVideoControl.qml:72: TypeError: Cannot read property 'zoomLevel' of null (default:unknown:72)
   253.768 - warning: qrc:/qml/QGroundControl/FlightMap/Widgets/PhotoVideoControl.qml:58: TypeError: Cannot read property 'hasZoom' of null (default:unknown:58)
   253.768 - warning: qrc:/qml/QGroundControl/FlightMap/Widgets/PhotoVideoControl.qml:30: TypeError: Cannot read property 'capturesVideo' of null (default:unknown:30)
   253.768 - warning: qrc:/qml/QGroundControl/FlightMap/Widgets/PhotoVideoControl.qml:40: TypeError: Cannot read property 'photoCaptureStatus' of null (default:unknown:40)
   253.768 - warning: qrc:/qml/QGroundControl/FlightMap/Widgets/PhotoVideoControl.qml:41: TypeError: Cannot read property 'photoCaptureStatus' of null (default:unknown:41)
   253.768 - warning: qrc:/qml/QGroundControl/FlightMap/Widgets/PhotoVideoControl.qml:267: TypeError: Cannot read property 'trackingEnabled' of null (default:unknown:267)
   253.768 - warning: qrc:/qml/QGroundControl/FlightMap/Widgets/PhotoVideoControl.qml:252: TypeError: Cannot read property 'batteryRemainingStr' of null (default:unknown:252)
   253.768 - warning: qrc:/qml/QGroundControl/FlightMap/Widgets/PhotoVideoControl.qml:254: TypeError: Cannot read property 'batteryRemaining' of null (default:unknown:254)
   253.768 - warning: qrc:/qml/QGroundControl/FlightMap/Widgets/PhotoVideoControl.qml:245: TypeError: Cannot read property 'storageFreeStr' of null (default:unknown:245)
   253.768 - warning: qrc:/qml/QGroundControl/FlightMap/Widgets/PhotoVideoControl.qml:247: TypeError: Cannot read property 'storageStatus' of null (default:unknown:247)
   253.768 - warning: qrc:/qml/QGroundControl/FlightMap/Widgets/PhotoVideoControl.qml:37: TypeError: Cannot read property 'cameraMode' of null (default:unknown:37)
   253.768 - warning: qrc:/qml/QGroundControl/FlightMap/Widgets/PhotoVideoControl.qml:39: TypeError: Cannot read property 'videoCaptureStatus' of null (default:unknown:39)
   253.768 - warning: qrc:/qml/QGroundControl/FlightMap/Widgets/PhotoVideoControl.qml:181: TypeError: Cannot read property 'videoCaptureStatus' of null (default:unknown:181)
   253.768 - warning: qrc:/qml/QGroundControl/FlightMap/Widgets/PhotoVideoControl.qml:98: TypeError: Cannot read property 'hasModes' of null (default:unknown:98)
   253.768 - warning: qrc:/qml/QGroundControl/FlightMap/Widgets/PhotoVideoControl.qml:87: TypeError: Cannot read property 'modelName' of null (default:unknown:87)
   253.768 - warning: qrc:/qml/QGroundControl/FlightMap/Widgets/PhotoVideoControl.qml:72: TypeError: Cannot read property 'zoomLevel' of null (default:unknown:72)
   253.768 - warning: qrc:/qml/QGroundControl/FlightMap/Widgets/PhotoVideoControl.qml:58: TypeError: Cannot read property 'hasZoom' of null (default:unknown:58)
   253.768 - warning: qrc:/qml/QGroundControl/FlightMap/Widgets/PhotoVideoControl.qml:30: TypeError: Cannot read property 'capturesVideo' of null (default:unknown:30)
   253.769 - warning: qrc:/qml/QGroundControl/FlightMap/Widgets/PhotoVideoControl.qml:40: TypeError: Cannot read property 'photoCaptureStatus' of null (default:unknown:40)
   253.769 - warning: qrc:/qml/QGroundControl/FlightMap/Widgets/PhotoVideoControl.qml:41: TypeError: Cannot read property 'photoCaptureStatus' of null (default:unknown:41)
   253.769 - warning: qrc:/qml/QGroundControl/FlightMap/Widgets/PhotoVideoControl.qml:36: TypeError: Cannot read property 'currentCameraInstance' of null (default:unknown:36)
   253.769 - warning: qrc:/qml/QGroundControl/FlightMap/Widgets/PhotoVideoControl.qml:88: TypeError: Cannot read property 'cameras' of null (default:unknown:88)
   253.769 - warning: qrc:/qml/QGroundControl/FlightMap/Widgets/PhotoVideoControl.qml:36: TypeError: Cannot read property 'currentCameraInstance' of null (default:unknown:36)
   253.769 - warning: qrc:/qml/QGroundControl/FlightMap/Widgets/PhotoVideoControl.qml:88: TypeError: Cannot read property 'cameras' of null (default:unknown:88)
   253.930 - debug: Exiting main (default:unknown:0)
